data,1 USD,1 EUR,1 GBP
20130102,3.066,4.0671,5.0026
20130103,3.1005,4.077,5.0296
20130104,3.17,4.1248,5.0873
20130107,3.1618,4.1218,5.0767
20130108,3.1457,4.1263,5.0605
20130109,3.1516,4.1192,5.0642
20130110,3.1121,4.076,4.9917
20130111,3.089,4.0996,4.9783
20130114,3.0828,4.1231,4.9724
20130115,3.075,4.1151,4.9478
20130116,3.1097,4.128,4.9822
20130117,3.0853,4.1178,4.941
20130118,3.0925,4.1294,4.9286
20130121,3.1351,4.1762,4.982
20130122,3.1341,4.17,4.9596
20130123,3.1195,4.1591,4.9519
20130124,3.1503,4.1964,4.988
20130125,3.1186,4.1903,4.9205
20130128,3.1074,4.1805,4.8923
20130129,3.1229,4.1969,4.9055
20130130,3.0938,4.1858,4.8732
20130131,3.0874,4.187,4.8885
20130201,3.0744,4.2028,4.8629
20130204,3.0563,4.1515,4.8066
20130205,3.0831,4.17,4.8658
20130206,3.0868,4.1801,4.8353
20130207,3.0886,4.1882,4.8402
20130208,3.1056,4.167,4.8891
20130211,3.0991,4.1519,4.8728
20130212,3.1159,4.1686,4.8545
20130213,3.1012,4.1781,4.8529
20130214,3.1209,4.1715,4.8399
20130215,3.1398,4.1852,4.862
20130218,3.141,4.193,4.8584
20130219,3.136,4.1863,4.8585
20130220,3.1002,4.1602,4.7513
20130221,3.1633,4.176,4.8166
20130222,3.1443,4.1574,4.8037
20130225,3.1412,4.158,4.7574
20130226,3.1733,4.1613,4.8169
20130227,3.1841,4.1658,4.8123
20130228,3.1679,4.157,4.8058
20130301,3.1769,4.1432,4.7705
20130304,3.1837,4.135,4.7815
20130305,3.1665,4.1361,4.8077
20130306,3.166,4.1269,4.7735
20130307,3.1808,4.1472,4.7696
20130308,3.169,4.1497,4.7618
20130311,3.1828,4.139,4.7482
20130312,3.1887,4.15,4.7364
20130313,3.1863,4.1484,4.7688
20130314,3.2,4.1448,4.7795
20130315,3.1868,4.1595,4.826
20130318,3.2015,4.1505,4.8448
20130319,3.2055,4.1465,4.8455
20130320,3.2169,4.1538,4.8702
20130321,3.2387,4.1805,4.913
20130322,3.2361,4.186,4.9224
20130325,3.195,4.1586,4.8599
20130326,3.2427,4.1723,4.9213
20130327,3.2635,4.1779,4.9355
20130328,3.2773,4.1866,4.9707
20130329,3.259,4.1774,4.9528
20130402,3.2552,4.1813,4.9512
20130403,3.2693,4.1898,4.9399
20130404,3.275,4.1898,4.9356
20130405,3.2358,4.182,4.9264
20130408,3.1893,4.1495,4.8849
20130409,3.1696,4.1298,4.8517
20130410,3.1405,4.1135,4.8117
20130411,3.1382,4.1061,4.823
20130412,3.1537,4.12,4.8453
20130415,3.1502,4.1125,4.824
20130416,3.1559,4.1178,4.8232
20130417,3.1159,4.1097,4.7674
20130418,3.1529,4.115,4.8039
20130419,3.1409,4.1118,4.8235
20130422,3.1448,4.1025,4.7926
20130423,3.1811,4.1293,4.8406
20130424,3.1823,4.1403,4.8598
20130425,3.1792,4.1518,4.9041
20130426,3.1943,4.1588,4.9316
20130429,3.1712,4.1501,4.921
20130430,3.1721,4.1429,4.9148
20130502,3.1492,4.1485,4.904
20130506,3.1646,4.1479,4.9251
20130507,3.1767,4.155,4.937
20130508,3.1609,4.1487,4.8964
20130509,3.1392,4.1285,4.8858
20130510,3.1861,4.1417,4.9087
20130513,3.2051,4.157,4.9265
20130514,3.1998,4.1606,4.8974
20130515,3.234,4.1725,4.9277
20130516,3.2521,4.1822,4.9464
20130517,3.252,4.1834,4.9516
20130520,3.238,4.1683,4.9236
20130521,3.249,4.182,4.9328
20130522,3.2322,4.1813,4.8781
20130523,3.2587,4.202,4.9109
20130524,3.24,4.2049,4.8968
20130527,3.2416,4.195,4.9093
20130528,3.2465,4.1912,4.8977
20130529,3.2831,4.2315,4.9465
20130531,3.2953,4.2902,5.0181
20130603,3.2865,4.2786,5.0154
20130604,3.2524,4.252,4.9714
20130605,3.2421,4.2349,4.9764
20130606,3.2564,4.2742,5.0308
20130607,3.2545,4.3061,5.0678
20130610,3.221,4.2571,4.9992
20130611,3.2201,4.2756,5.0074
20130612,3.2002,4.2555,5.0159
20130613,3.2,4.2685,5.0106
20130614,3.1654,4.218,4.9472
20130617,3.1719,4.2316,4.9851
20130618,3.1682,4.2406,4.972
20130619,3.1777,4.2563,4.963
20130620,3.2693,4.3237,5.0629
20130621,3.2743,4.3284,5.0705
20130624,3.3137,4.3432,5.0926
20130625,3.284,4.3118,5.0691
20130626,3.3239,4.3348,5.1049
20130627,3.3241,4.3314,5.0778
20130628,3.3175,4.3292,5.0604
20130701,3.321,4.3323,5.0581
20130702,3.3222,4.3265,5.0493
20130703,3.3516,4.3416,5.1081
20130704,3.3246,4.3213,5.0699
20130705,3.3245,4.2824,4.9848
20130708,3.3576,4.3105,4.9994
20130709,3.3588,4.3234,5.0034
20130710,3.3724,4.324,5.0197
20130711,3.3225,4.3345,5.0121
20130712,3.3201,4.3295,5.0252
20130715,3.2955,4.2922,4.9595
20130716,3.2735,4.2788,4.9286
20130717,3.241,4.2624,4.9273
20130718,3.2362,4.2453,4.9181
20130719,3.2348,4.2457,4.9343
20130722,3.2142,4.2296,4.9133
20130723,3.2001,4.2186,4.9119
20130724,3.18,4.209,4.8868
20130725,3.2143,4.2387,4.9216
20130726,3.1831,4.2295,4.9009
20130729,3.1859,4.2319,4.9071
20130730,3.1798,4.2202,4.8724
20130731,3.1929,4.2427,4.8577
20130801,3.1961,4.2339,4.8576
20130802,3.2201,4.2558,4.8794
20130805,3.1771,4.2211,4.8785
20130806,3.1744,4.2107,4.8791
20130807,3.1725,4.2153,4.8569
20130808,3.1503,4.2045,4.8847
20130809,3.1336,4.194,4.8722
20130812,3.151,4.1927,4.8798
20130813,3.1489,4.1874,4.8708
20130814,3.1643,4.1994,4.8984
20130816,3.1665,4.223,4.9499
20130819,3.1873,4.248,4.9871
20130820,3.1761,4.2468,4.9763
20130821,3.1698,4.244,4.9696
20130822,3.1811,4.2477,4.9579
20130823,3.1673,4.2323,4.9486
20130826,3.1658,4.232,4.9304
20130827,3.1849,4.2473,4.9393
20130828,3.184,4.2555,4.9333
20130829,3.2269,4.2812,5.007
20130830,3.2209,4.2654,4.9899
20130902,3.2164,4.2507,5.0091
20130903,3.2433,4.272,5.0505
20130904,3.2387,4.2673,5.0525
20130905,3.2463,4.2805,5.0696
20130906,3.2732,4.2975,5.097
20130909,3.2357,4.27,5.071
20130910,3.2181,4.2637,5.0551
20130911,3.1955,4.2408,5.0441
20130912,3.1782,4.2238,5.0194
20130913,3.1696,4.211,5.0104
20130916,3.1435,4.1961,5.0094
20130917,3.1552,4.2144,5.0201
20130918,3.1689,4.2302,5.0576
20130919,3.0833,4.179,4.9567
20130920,3.1152,4.2144,4.9972
20130923,3.126,4.2268,5.0143
20130924,3.1338,4.2291,5.0087
20130925,3.1234,4.2153,4.9944
20130926,3.1277,4.2262,5.0201
20130927,3.1328,4.231,5.0333
20130930,3.1227,4.2163,5.0452
20131001,3.117,4.223,5.0587
20131002,3.1212,4.2231,5.0615
20131003,3.0951,4.2105,5.0218
20131004,3.0902,4.2065,4.9784
20131007,3.0976,4.2088,4.9782
20131008,3.0873,4.1896,4.9578
20131009,3.1057,4.201,4.9619
20131010,3.0994,4.1918,4.9388
20131011,3.085,4.1861,4.9289
20131014,3.0936,4.1925,4.9422
20131015,3.0893,4.1855,4.9375
20131016,3.0854,4.1755,4.9461
20131017,3.0625,4.1738,4.9286
20131018,3.0506,4.1769,4.9375
20131021,3.062,4.185,4.9503
20131022,3.0564,4.1786,4.929
20131023,3.0385,4.18,4.9055
20131024,3.0323,4.1812,4.909
20131025,3.0326,4.191,4.9164
20131028,3.0271,4.1805,4.9055
20131029,3.0436,4.1893,4.8975
20131030,3.0433,4.1869,4.8887
20131031,3.0507,4.1766,4.8872
20131104,3.0975,4.1816,4.9413
20131105,3.0981,4.1805,4.9723
20131106,3.0896,4.1728,4.9738
20131107,3.0844,4.1696,4.9582
20131108,3.1133,4.1799,5.0026
20131112,3.1448,4.2066,4.9921
20131113,3.1358,4.2061,4.9912
20131114,3.115,4.189,4.9875
20131115,3.1172,4.189,5.0048
20131118,3.0953,4.1805,4.9902
20131119,3.0925,4.1789,4.9767
20131120,3.0947,4.1847,4.9907
20131121,3.1227,4.1933,5.0252
20131122,3.1077,4.1995,5.0351
20131125,3.1019,4.193,5.024
20131126,3.0945,4.1935,5.0081
20131127,3.0899,4.2038,5.0297
20131128,3.0872,4.1988,5.0339
20131129,3.0846,4.1998,5.0348
20131202,3.0965,4.1965,5.0811
20131203,3.0973,4.2032,5.0806
20131204,3.0916,4.2011,5.0588
20131205,3.087,4.1974,5.0474
20131206,3.0673,4.1925,5.0168
20131209,3.0534,4.1883,4.9995
20131210,3.0425,4.1822,4.9996
20131211,3.0386,4.1803,4.9849
20131212,3.0415,4.1878,4.9896
20131213,3.0432,4.1844,4.9708
20131216,3.035,4.1784,4.9525
20131217,3.036,4.1788,4.9485
20131218,3.0393,4.18,4.9718
20131219,3.049,4.17,4.9931
20131220,3.0525,4.1652,4.9889
20131223,3.0443,4.1638,4.9768
20131224,3.0346,4.1512,4.9617
20131227,3.0105,4.1538,4.9633
20131230,3.018,4.1513,4.9782
20131231,3.012,4.1472,4.9828
20140102,3.0315,4.1631,5.0167
20140103,3.0517,4.1645,5.0214
20140107,3.0688,4.1798,5.0308
20140108,3.0717,4.1789,5.0427
20140109,3.0695,4.1776,5.0521
20140110,3.07,4.1745,5.0389
20140113,3.045,4.16,5.0039
20140114,3.04,4.1565,4.9874
20140115,3.0495,4.1522,5.0066
20140116,3.0566,4.1647,4.9978
20140117,3.0596,4.1601,5.0313
20140120,3.068,4.1586,5.0456
20140121,3.0763,4.1647,5.0536
20140122,3.0761,4.1669,5.0906
20140123,3.0559,4.1679,5.0732
20140124,3.0727,4.2014,5.1072
20140127,3.0884,4.2291,5.1076
20140128,3.0635,4.1827,5.0767
20140129,3.0829,4.2155,5.1122
20140130,3.1166,4.2365,5.1283
20140131,3.1288,4.2368,5.1458
20140203,3.137,4.2375,5.1274
20140204,3.1189,4.214,5.0928
20140205,3.0987,4.1887,5.0415
20140206,3.095,4.186,5.0431
20140207,3.0857,4.1865,5.0425
20140210,3.0683,4.1822,5.0291
20140211,3.0581,4.1798,5.0238
20140212,3.0552,4.1686,5.0309
20140213,3.0532,4.1752,5.0833
20140214,3.0334,4.153,5.0674
20140217,3.025,4.145,5.0586
20140218,3.03,4.1584,5.0512
20140219,3.0286,4.1638,5.0513
20140220,3.049,4.178,5.0741
20140221,3.0389,4.1681,5.067
20140224,3.0255,4.1638,5.044
20140225,3.0264,4.1595,5.0492
20140226,3.026,4.1584,5.05
20140227,3.0655,4.1851,5.0991
20140228,3.0254,4.1602,5.0697
20140303,3.0462,4.1978,5.0978
20140304,3.0489,4.1926,5.0841
20140305,3.0477,4.186,5.085
20140306,3.0427,4.1788,5.0865
20140307,3.0185,4.1893,5.0553
20140310,3.0266,4.1991,5.0428
20140311,3.0449,4.2171,5.0641
20140312,3.0508,4.229,5.0714
20140313,3.0284,4.2277,5.0531
20140314,3.0481,4.2334,5.0675
20140317,3.043,4.2295,5.0598
20140318,3.0396,4.2295,5.0486
20140319,3.0245,4.2065,5.0275
20140320,3.05,4.2089,5.0448
20140321,3.0425,4.197,5.0224
20140324,3.0483,4.199,5.0257
20140325,3.0342,4.191,5.006
20140326,3.0318,4.1835,5.0111
20140327,3.0401,4.1826,5.0557
20140328,3.0374,4.1677,5.0466
20140331,3.0344,4.1713,5.0485
20140401,3.0278,4.1765,5.0395
20140402,3.0288,4.1774,5.044
20140403,3.033,4.1738,5.0369
20140404,3.0397,4.1657,5.0435
20140407,3.0446,4.1748,5.0463
20140408,3.0276,4.1684,5.0578
20140409,3.0221,4.1675,5.0567
20140410,3.0092,4.171,5.0472
20140411,3.0086,4.1784,5.0452
20140414,3.0288,4.1855,5.0626
20140415,3.0325,4.184,5.0694
20140416,3.0272,4.1925,5.0883
20140417,3.0317,4.1968,5.1028
20140418,3.0265,4.182,5.0789
20140422,3.034,4.189,5.1039
20140423,3.0273,4.1914,5.0907
20140424,3.0285,4.1893,5.0838
20140425,3.0378,4.203,5.1069
20140428,3.0368,4.2112,5.1147
20140429,3.0318,4.2053,5.0958
20140430,3.044,4.1994,5.1181
20140502,3.0289,4.199,5.1148
20140505,3.031,4.2056,5.1132
20140506,3.0196,4.2051,5.1138
20140507,3.0187,4.2003,5.1229
20140508,3.0042,4.1865,5.0952
20140509,3.0247,4.1787,5.1131
20140512,3.0362,4.1797,5.1278
20140513,3.0381,4.1815,5.1206
20140514,3.048,4.1828,5.1238
20140515,3.0589,4.1824,5.1255
20140516,3.0567,4.1935,5.1375
20140519,3.0558,4.1884,5.1385
20140520,3.062,4.1905,5.1531
20140521,3.054,4.1885,5.1627
20140522,3.0525,4.1755,5.1492
20140523,3.049,4.1524,5.1369
20140526,3.0466,4.156,5.1328
20140527,3.0532,4.1655,5.1442
20140528,3.0598,4.1678,5.1302
20140529,3.0395,4.1385,5.0867
20140530,3.0435,4.142,5.0928
20140602,3.0413,4.1355,5.0898
20140603,3.0449,4.1392,5.1048
20140604,3.0491,4.1527,5.1035
20140605,3.0275,4.1215,5.0736
20140606,3.0222,4.1211,5.079
20140609,3.0067,4.0998,5.0549
20140610,3.0303,4.109,5.0933
20140611,3.0431,4.1157,5.1085
20140612,3.0374,4.1096,5.114
20140613,3.0382,4.1231,5.1597
20140616,3.0654,4.146,5.2023
20140617,3.0495,4.1398,5.1696
20140618,3.0589,4.1463,5.1835
20140620,3.0495,4.1506,5.2022
20140623,3.0627,4.1603,5.2134
20140624,3.0526,4.1587,5.1851
20140625,3.0451,4.1437,5.169
20140626,3.0361,4.1358,5.1678
20140627,3.0485,4.1528,5.19
20140630,3.0473,4.1609,5.1885
20140701,3.0355,4.155,5.1996
20140702,3.0387,4.15,5.2168
20140703,3.0418,4.1536,5.2132
20140704,3.0495,4.1435,5.2307
20140707,3.0497,4.1472,5.2281
20140708,3.0441,4.1401,5.2051
20140709,3.0322,4.1272,5.1895
20140710,3.0323,4.1341,5.1903
20140711,3.0426,4.1419,5.2122
20140714,3.0368,4.139,5.1991
20140715,3.0454,4.1433,5.2196
20140716,3.0503,4.131,5.2235
20140717,3.0579,4.1378,5.2328
20140718,3.0652,4.1479,5.2439
20140721,3.07,4.1521,5.2412
20140722,3.0748,4.1464,5.2466
20140723,3.0707,4.1355,5.2398
20140724,3.0702,4.1398,5.2247
20140725,3.0831,4.1459,5.2327
20140728,3.086,4.147,5.2391
20140729,3.09,4.1524,5.2479
20140730,3.0978,4.1517,5.2447
20140731,3.1094,4.164,5.2506
20140801,3.128,4.1887,5.2665
20140804,3.1114,4.1783,5.2363
20140805,3.1121,4.1679,5.2545
20140806,3.1377,4.194,5.2831
20140807,3.1397,4.199,5.2877
20140808,3.1509,4.2184,5.2948
20140811,3.1378,4.1998,5.2669
20140812,3.1465,4.2025,5.2772
20140813,3.1442,4.198,5.2848
20140814,3.1285,4.18,5.2149
20140818,3.1342,4.1951,5.2435
20140819,3.1356,4.1871,5.2195
20140820,3.147,4.1838,5.2406
20140821,3.1569,4.1893,5.235
20140822,3.152,4.1874,5.23
20140825,3.168,4.1814,5.2524
20140826,3.1686,4.18,5.2522
20140827,3.1764,4.188,5.2626
20140828,3.1834,4.2043,5.2828
20140829,3.1965,4.2129,5.3056
20140901,3.2035,4.2099,5.326
20140902,3.2112,4.212,5.3111
20140903,3.1912,4.1937,5.2612
20140904,3.1947,4.2,5.2576
20140905,3.2354,4.1908,5.2784
20140908,3.2303,4.1824,5.214
20140909,3.2605,4.1978,5.2522
20140910,3.2508,4.207,5.2232
20140911,3.2435,4.1935,5.2646
20140912,3.2468,4.1957,5.272
20140915,3.2522,4.2028,5.2882
20140916,3.2419,4.197,5.2423
20140917,3.2331,4.1899,5.268
20140918,3.249,4.188,5.2976
20140919,3.2507,4.186,5.3257
20140922,3.257,4.1845,5.3238
20140923,3.243,4.1775,5.3007
20140924,3.2525,4.1785,5.3307
20140925,3.2823,4.1757,5.3497
20140926,3.2776,4.1781,5.3517
20140929,3.3,4.1843,5.3569
20140930,3.2973,4.1755,5.3549
20141001,3.3172,4.1792,5.3665
20141002,3.3039,4.178,5.3458
20141003,3.3079,4.1789,5.3217
20141006,3.3343,4.1829,5.3292
20141007,3.3106,4.1825,5.3273
20141008,3.305,4.1856,5.3127
20141009,3.2776,4.1826,5.3075
20141010,3.2985,4.1795,5.2989
20141013,3.3062,4.1901,5.316
20141014,3.3095,4.1993,5.2855
20141015,3.3262,4.2089,5.2929
20141016,3.2985,4.2223,5.2805
20141017,3.2964,4.2293,5.3082
20141020,3.3109,4.2232,5.336
20141021,3.2987,4.2263,5.3329
20141022,3.3275,4.2228,5.3332
20141023,3.339,4.228,5.3455
20141024,3.3387,4.2245,5.3621
20141027,3.3288,4.2229,5.3597
20141028,3.3295,4.2268,5.3619
20141029,3.3192,4.2248,5.3516
20141030,3.3592,4.228,5.3706
20141031,3.3459,4.2043,5.3503
20141103,3.3772,4.2209,5.4048
20141104,3.3776,4.2253,5.4008
20141105,3.3887,4.231,5.386
20141106,3.3769,4.225,5.3914
20141107,3.4084,4.2243,5.3895
20141110,3.3765,4.2163,5.3704
20141112,3.3966,4.2247,5.4111
20141113,3.386,4.2203,5.3364
20141114,3.3933,4.229,5.3192
20141117,3.3819,4.2255,5.2858
20141118,3.3706,4.218,5.2765
20141119,3.3655,4.217,5.2663
20141120,3.368,4.2155,5.2786
20141121,3.3827,4.2088,5.2904
20141124,3.3842,4.1977,5.2938
20141125,3.3706,4.1916,5.2861
20141126,3.3546,4.18,5.2688
20141127,3.3528,4.1807,5.2843
20141128,3.3605,4.1814,5.2805
20141201,3.3519,4.1788,5.2567
20141202,3.3466,4.162,5.2567
20141203,3.373,4.1574,5.2759
20141204,3.3728,4.1538,5.2871
20141205,3.3619,4.1585,5.2693
20141208,3.3978,4.1655,5.2946
20141209,3.3688,4.1594,5.2694
20141210,3.3572,4.1595,5.2599
20141211,3.3611,4.1749,5.2647
20141212,3.3639,4.1805,5.2831
20141215,3.3621,4.1761,5.2799
20141216,3.3522,4.1935,5.2629
20141217,3.3928,4.2286,5.3317
20141218,3.4428,4.2365,5.3793
20141219,3.4791,4.2705,5.445
20141222,3.4767,4.2625,5.4296
20141223,3.4937,4.2743,5.4422
20141224,3.529,4.306,5.4854
20141229,3.527,4.3053,5.4904
20141230,3.5458,4.3138,5.5111
20141231,3.5072,4.2623,5.4648
20150102,3.5725,4.3078,5.5296
20150105,3.5975,4.3008,5.5064
20150107,3.6375,4.3115,5.4983
20150108,3.6482,4.2985,5.4919
20150109,3.6252,4.2837,5.4835
20150112,3.6218,4.2782,5.4768
20150113,3.6252,4.2802,5.4762
20150114,3.6525,4.2885,5.5407
20150115,3.6588,4.2897,5.5616
20150116,3.7174,4.322,5.6585
20150119,3.7176,4.3165,5.6355
20150120,3.7346,4.3335,5.6595
20150121,3.7358,4.3218,5.6454
20150122,3.6994,4.2997,5.6077
20150123,3.7687,4.2354,5.6468
20150126,3.7601,4.2293,5.6432
20150127,3.7348,4.2285,5.6357
20150128,3.7276,4.2348,5.6619
20150129,3.7418,4.2344,5.6644
20150130,3.7204,4.2081,5.6089
20150202,3.6801,4.1762,5.5204
20150203,3.6886,4.1812,5.5395
20150204,3.644,4.1712,5.5332
20150205,3.6656,4.1739,5.5853
20150206,3.6395,4.1695,5.5761
20150209,3.6811,4.176,5.6076
20150210,3.722,4.2017,5.6608
20150211,3.7094,4.1999,5.6717
20150212,3.6926,4.1884,5.6254
20150213,3.6552,4.1783,5.6239
20150216,3.6665,4.1812,5.6465
20150217,3.6788,4.1904,5.6539
20150218,3.6784,4.1905,5.6774
20150219,3.6631,4.177,5.661
20150220,3.6895,4.18,5.6689
20150223,3.6933,4.1777,5.6751
20150224,3.6948,4.1763,5.7057
20150225,3.6649,4.1668,5.6857
20150226,3.6519,4.1542,5.6736
20150227,3.698,4.1495,5.6924
20150302,3.7053,4.1559,5.7134
20150303,3.719,4.1557,5.717
20150304,3.7485,4.1723,5.7478
20150305,3.7525,4.1415,5.7195
20150306,3.7649,4.1292,5.7223
20150309,3.789,4.1259,5.7233
20150310,3.8345,4.1233,5.7713
20150311,3.9091,4.1435,5.8861
20150312,3.8928,4.1251,5.833
20150313,3.9141,4.1529,5.8144
20150316,3.926,4.1373,5.8059
20150317,3.9034,4.1397,5.7744
20150318,3.9073,4.145,5.7319
20150319,3.8596,4.123,5.7459
20150320,3.8645,4.1255,5.6931
20150323,3.818,4.1287,5.6834
20150324,3.7453,4.109,5.5958
20150325,3.7355,4.0927,5.5611
20150326,3.705,4.0886,5.5405
20150327,3.789,4.0993,5.6321
20150330,3.7685,4.094,5.5956
20150331,3.8125,4.089,5.6295
20150401,3.789,4.0665,5.5928
20150402,3.7524,4.064,5.5671
20150403,3.7449,4.0748,5.5496
20150407,3.7435,4.0615,5.5595
20150408,3.7135,4.034,5.5325
20150409,3.7414,4.0198,5.5323
20150410,3.7894,4.0198,5.548
20150413,3.8088,4.0198,5.5572
20150414,3.8001,4.0088,5.5524
20150415,3.7875,4.0083,5.5721
20150416,3.7746,4.014,5.5972
20150417,3.7277,4.033,5.5948
20150420,3.7302,4.0112,5.5758
20150421,3.7275,3.9822,5.5459
20150422,3.7125,4.0015,5.5673
20150423,3.7371,4.0075,5.6049
20150424,3.6895,4.0161,5.5876
20150427,3.7115,4.0214,5.6216
20150428,3.6751,4.0075,5.5908
20150429,3.6396,4.006,5.6012
20150430,3.5987,4.0337,5.5622
20150504,3.632,4.0465,5.5024
20150505,3.6205,4.0179,5.4758
20150506,3.6116,4.0552,5.4807
20150507,3.583,4.0685,5.4432
20150508,3.6095,4.0552,5.588
20150511,3.6489,4.0767,5.6242
20150512,3.6447,4.103,5.6978
20150513,3.63,4.0765,5.7098
20150514,3.5921,4.0945,5.6601
20150515,3.5719,4.0587,5.6269
20150518,3.555,4.0468,5.5672
20150519,3.6152,4.0465,5.6194
20150520,3.6538,4.0606,5.6685
20150521,3.6605,4.0836,5.733
20150522,3.669,4.098,5.7447
20150525,3.75,4.1149,5.8063
20150526,3.7898,4.1279,5.8386
20150527,3.7906,4.1405,5.8407
20150528,3.7858,4.1419,5.8059
20150529,3.7671,4.1301,5.759
20150601,3.785,4.126,5.7658
20150602,3.7676,4.1374,5.744
20150603,3.7108,4.1307,5.6682
20150605,3.6949,4.16,5.6545
20150608,3.7381,4.1559,5.6915
20150609,3.6975,4.1705,5.6518
20150610,3.676,4.1602,5.6748
20150611,3.6817,4.1481,5.6936
20150612,3.7094,4.1423,5.7432
20150615,3.6905,4.1486,5.7305
20150616,3.6933,4.1595,5.7436
20150617,3.6873,4.1535,5.7981
20150618,3.6556,4.1615,5.8089
20150619,3.6879,4.1715,5.8449
20150622,3.6799,4.1724,5.8384
20150623,3.704,4.1637,5.8499
20150624,3.7103,4.164,5.8615
20150625,3.7305,4.1737,5.8549
20150626,3.7275,4.1764,5.8711
20150629,3.7671,4.1893,5.9171
20150630,3.7645,4.1944,5.918
20150701,3.7625,4.1923,5.891
20150702,3.7859,4.1935,5.9063
20150703,3.7726,4.1896,5.8963
20150706,3.796,4.199,5.9066
20150707,3.8313,4.2026,5.9422
20150708,3.8225,4.2213,5.8883
20150709,3.829,4.2277,5.8902
20150710,3.7709,4.1905,5.8278
20150713,3.7543,4.155,5.8295
20150714,3.7645,4.1545,5.826
20150715,3.747,4.1319,5.8604
20150716,3.7694,4.1111,5.8877
20150717,3.7676,4.1021,5.8934
20150720,3.7868,4.1083,5.896
20150721,3.7875,4.1112,5.8984
20150722,3.7629,4.1174,5.8824
20150723,3.7559,4.1285,5.8581
20150724,3.7654,4.1195,5.8325
20150727,3.7455,4.1495,5.8149
20150728,3.7303,4.128,5.8145
20150729,3.7471,4.1452,5.8519
20150730,3.7754,4.1429,5.8978
20150731,3.7929,4.1488,5.9045
20150803,3.7705,4.136,5.8901
20150804,3.7792,4.1463,5.8905
20150805,3.8359,4.1655,5.9776
20150806,3.8385,4.1798,5.9921
20150807,3.8326,4.1868,5.9505
20150810,3.8246,4.1933,5.9169
20150811,3.8087,4.2035,5.9447
20150812,3.7805,4.2093,5.8896
20150813,3.7625,4.1822,5.8722
20150814,3.7557,4.1849,5.8637
20150817,3.7613,4.1775,5.8867
20150818,3.7578,4.1616,5.8871
20150819,3.7718,4.169,5.9139
20150820,3.7659,4.1946,5.8806
20150821,3.7308,4.2014,5.8671
20150824,3.6971,4.239,5.8057
20150825,3.6613,4.2309,5.7807
20150826,3.6937,4.2381,5.7929
20150827,3.745,4.2255,5.8003
20150828,3.7493,4.2325,5.7703
20150831,3.778,4.2344,5.8309
20150901,3.7503,4.2297,5.7527
20150902,3.7626,4.244,5.755
20150903,3.7645,4.2314,5.7445
20150904,3.7952,4.229,5.7848
20150907,3.7928,4.2335,5.7882
20150908,3.7878,4.236,5.8247
20150909,3.7634,4.2129,5.779
20150910,3.7648,4.2153,5.7922
20150911,3.7264,4.208,5.7518
20150914,3.7124,4.209,5.7355
20150915,3.7238,4.2094,5.749
20150916,3.7315,4.1994,5.7479
20150917,3.7129,4.2065,5.7556
20150918,3.6738,4.2059,5.7422
20150921,3.708,4.1896,5.7569
20150922,3.7438,4.1924,5.7958
20150923,3.7801,4.2007,5.7985
20150924,3.7687,4.22,5.7505
20150925,3.7818,4.2115,5.7585
20150928,3.7861,4.2334,5.7672
20150929,3.7799,4.2434,5.7421
20150930,3.7754,4.2386,5.7305
20151001,3.8005,4.2437,5.7592
20151002,3.8028,4.2451,5.7643
20151005,3.773,4.2475,5.731
20151006,3.789,4.2453,5.7474
20151007,3.7604,4.2272,5.7525
20151008,3.7543,4.2405,5.7553
20151009,3.7242,4.217,5.7199
20151012,3.7148,4.2273,5.7014
20151013,3.7199,4.2336,5.6705
20151014,3.7129,4.2365,5.7065
20151015,3.6948,4.2295,5.724
20151016,3.7243,4.2315,5.7552
20151019,3.7265,4.2342,5.7647
20151020,3.7385,4.2472,5.7872
20151021,3.7627,4.2745,5.8097
20151022,3.7806,4.2769,5.85
20151023,3.82,4.252,5.8868
20151026,3.8645,4.2605,5.931
20151027,3.8669,4.2709,5.9285
20151028,3.8826,4.2902,5.9438
20151029,3.8974,4.2732,5.9519
20151030,3.8748,4.2652,5.9429
20151102,3.859,4.249,5.974
20151103,3.8678,4.2495,5.9604
20151104,3.8876,4.2455,5.9994
20151105,3.8925,4.2306,5.9881
20151106,3.9075,4.2458,5.9229
20151109,3.9605,4.2651,5.9685
20151110,3.957,4.2485,5.9796
20151112,3.9434,4.2245,5.9884
20151113,3.9388,4.2362,5.9948
20151116,3.9581,4.2472,6.0176
20151117,3.9775,4.2433,6.0485
20151118,3.9802,4.2509,6.0632
20151119,3.9754,4.2477,6.0625
20151120,3.9706,4.2441,6.073
20151123,3.988,4.2395,6.0456
20151124,4.0021,4.2609,6.0554
20151125,4.0215,4.268,6.0651
20151126,4.0298,4.2763,6.0769
20151127,4.0333,4.2692,6.0646
20151130,4.0304,4.2639,6.0498
20151201,4.0248,4.2651,6.0709
20151202,4.0305,4.2815,6.0623
20151203,4.04,4.2665,6.0329
20151204,3.9607,4.3141,5.9918
20151207,3.9853,4.3111,6.0052
20151208,3.9877,4.3282,5.986
20151209,3.9705,4.3402,5.9749
20151210,3.9601,4.344,6.0108
20151211,3.9718,4.3471,6.0126
20151214,3.9695,4.35,6.0216
20151215,3.9523,4.358,5.9928
20151216,3.9644,4.3304,5.9537
20151217,3.9646,4.3048,5.9327
20151218,3.9558,4.2816,5.9032
20151221,3.92,4.2545,5.8429
20151222,3.8787,4.2411,5.7745
20151223,3.8872,4.246,5.771
20151224,3.8695,4.2411,5.7628
20151228,3.8663,4.2448,5.7713
20151229,3.8659,4.244,5.748
20151230,3.8801,4.2423,5.7581
20151231,3.9011,4.2615,5.7862
20160104,3.9281,4.2935,5.8083
20160105,4.0073,4.3176,5.8779
20160107,4.0085,4.3475,5.843
20160108,3.9963,4.3457,5.8449
20160111,4.0085,4.3635,5.8402
20160112,4.017,4.3621,5.8223
20160113,4.0068,4.3345,5.7963
20160114,3.999,4.3605,5.7492
20160115,4.0411,4.4075,5.8085
20160118,4.1133,4.4835,5.88
20160119,4.0917,4.449,5.8555
20160120,4.0877,4.4659,5.798
20160121,4.1303,4.4987,5.8581
20160122,4.1031,4.446,5.8608
20160125,4.1346,4.472,5.8955
20160126,4.1475,4.4961,5.8958
20160127,4.1144,4.473,5.8855
20160128,4.0872,4.4588,5.8507
20160129,4.0723,4.4405,5.8443
20160201,4.0638,4.4104,5.7868
20160202,4.0333,4.4015,5.7918
20160203,4.0325,4.4024,5.8291
20160204,3.9492,4.4078,5.7822
20160205,3.942,4.4135,5.7326
20160208,3.9525,4.4185,5.7338
20160209,3.9771,4.449,5.7425
20160210,3.9383,4.4366,5.7095
20160211,3.9219,4.4407,5.6707
20160212,3.9074,4.4136,5.6825
20160215,3.922,4.396,5.6774
20160216,3.9404,4.4042,5.6979
20160217,3.9431,4.3905,5.6455
20160218,3.9416,4.3902,5.6364
20160219,3.9531,4.383,5.6504
20160222,3.9391,4.3655,5.5861
20160223,3.9671,4.3655,5.6025
20160224,3.9803,4.372,5.5486
20160225,3.9705,4.3739,5.5324
20160226,3.9545,4.357,5.5475
20160229,3.9935,4.3589,5.5376
20160301,3.9924,4.3365,5.571
20160302,3.9861,4.3333,5.5505
20160303,3.9805,4.325,5.6045
20160304,3.9545,4.334,5.5894
20160307,3.9515,4.3292,5.5911
20160308,3.9333,4.3325,5.5986
20160309,3.9395,4.3215,5.6065
20160310,3.932,4.3131,5.5869
20160311,3.8903,4.3226,5.5543
20160314,3.847,4.2813,5.5307
20160315,3.8649,4.2824,5.4738
20160316,3.8749,4.298,5.4703
20160317,3.8037,4.2989,5.4355
20160318,3.7882,4.2705,5.4708
20160321,3.7838,4.2603,5.4511
20160322,3.8005,4.259,5.4307
20160323,3.801,4.2533,5.3877
20160324,3.824,4.2715,5.3872
20160325,3.8174,4.263,5.403
20160329,3.8037,4.2535,5.4216
20160330,3.7495,4.2445,5.3974
20160331,3.759,4.2684,5.4078
20160401,3.7193,4.2387,5.326
20160404,3.7254,4.2355,5.2871
20160405,3.7337,4.2452,5.3145
20160406,3.751,4.2577,5.2933
20160407,3.7414,4.2601,5.2704
20160408,3.7701,4.293,5.319
20160411,3.7587,4.2826,5.3362
20160412,3.749,4.2867,5.3587
20160413,3.7771,4.2827,5.3654
20160414,3.8174,4.3016,5.4003
20160415,3.8176,4.3,5.4071
20160418,3.801,4.2978,5.3945
20160419,3.7925,4.2977,5.4302
20160420,3.7842,4.3004,5.4394
20160421,3.7981,4.2885,5.4357
20160422,3.8399,4.3283,5.5078
20160425,3.8962,4.386,5.622
20160426,3.8935,4.3978,5.6746
20160427,3.8793,4.3926,5.6617
20160428,3.8695,4.394,5.6504
20160429,3.8738,4.4078,5.6496
20160502,3.8195,4.3842,5.5814
20160504,3.83,4.3992,5.5465
20160505,3.8475,4.4003,5.5802
20160506,3.8732,4.4236,5.6116
20160509,3.873,4.4123,5.5901
20160510,3.8853,4.4275,5.613
20160511,3.8855,4.4241,5.6012
20160512,3.8811,4.4275,5.603
20160513,3.8775,4.4016,5.589
20160516,3.8625,4.3727,5.5449
20160517,3.8508,4.361,5.5725
20160518,3.9005,4.3937,5.6243
20160519,3.9161,4.396,5.7359
20160520,3.9358,4.4163,5.7355
20160523,3.9513,4.4293,5.7449
20160524,3.9789,4.4482,5.7821
20160525,3.9684,4.4238,5.8139
20160527,3.9393,4.4063,5.7738
20160530,3.947,4.3945,5.761
20160531,3.9369,4.382,5.7469
20160601,3.935,4.3895,5.6903
20160602,3.9204,4.3944,5.6614
20160603,3.9384,4.3913,5.6867
20160606,3.8602,4.3835,5.5713
20160607,3.8298,4.3533,5.5923
20160608,3.815,4.3377,5.5448
20160609,3.8126,4.3334,5.5174
20160610,3.8545,4.3558,5.5662
20160613,3.8943,4.39,5.5109
20160614,3.9483,4.4363,5.582
20160615,3.9351,4.4155,5.5864
20160616,3.9469,4.4445,5.592
20160617,3.9412,4.4363,5.6352
20160620,3.8724,4.3945,5.6736
20160621,3.8741,4.3935,5.72
20160622,3.8945,4.39,5.708
20160623,3.8593,4.3806,5.7028
20160624,3.9994,4.4526,5.5644
20160627,4.0263,4.4485,5.3638
20160628,4.003,4.4244,5.3226
20160629,3.9905,4.414,5.3441
20160630,3.9803,4.4255,5.3655
20160701,3.9548,4.3921,5.2616
20160704,3.9886,4.4304,5.2847
20160705,3.9963,4.4501,5.2465
20160706,4.0225,4.4469,5.2038
20160707,4.0036,4.438,5.1995
20160708,4.0001,4.4295,5.1734
20160711,4.006,4.417,5.1504
20160712,3.9807,4.4224,5.2339
20160713,3.9809,4.4016,5.2771
20160714,3.9681,4.407,5.2455
20160715,3.9598,4.4121,5.3142
20160718,3.9853,4.4032,5.2882
20160719,3.9582,4.3811,5.2227
20160720,3.979,4.3776,5.2332
20160721,3.9685,4.3706,5.2374
20160722,3.9504,4.3564,5.2066
20160725,3.9697,4.36,5.2222
20160726,3.9682,4.3694,5.2066
20160727,3.9739,4.3695,5.2074
20160728,3.9389,4.3736,5.1937
20160729,3.9364,4.3684,5.1774
20160801,3.904,4.3576,5.1502
20160802,3.882,4.3484,5.1378
20160803,3.8516,4.3135,5.1431
20160804,3.8588,4.2971,5.1303
20160805,3.8542,4.2975,5.0636
20160808,3.8706,4.2912,5.0491
20160809,3.8482,4.2693,5.0068
20160810,3.825,4.2632,4.9906
20160811,3.8297,4.2674,4.9604
20160812,3.8219,4.2626,4.9539
20160816,3.7929,4.27,4.9171
20160817,3.8075,4.2863,4.9518
20160818,3.7826,4.2837,4.979
20160819,3.7905,4.2884,4.9726
20160822,3.809,4.303,4.9959
20160823,3.8061,4.3139,5.0197
20160824,3.8174,4.3116,5.0463
20160825,3.819,4.3095,5.0463
20160826,3.8328,4.327,5.0641
20160829,3.8789,4.3395,5.0838
20160830,3.8858,4.3395,5.0781
20160831,3.9082,4.3555,5.1392
20160901,3.9116,4.3607,5.1839
20160902,3.9164,4.3796,5.1959
20160905,3.8937,4.348,5.2047
20160906,3.8869,4.3396,5.1856
20160907,3.8515,4.3289,5.1571
20160908,3.8255,4.3122,5.1123
20160909,3.8385,4.3264,5.1052
20160912,3.8668,4.346,5.1326
20160913,3.8734,4.352,5.1524
20160914,3.8716,4.3455,5.1157
20160915,3.8587,4.3356,5.0977
20160916,3.8497,4.3244,5.0845
20160919,3.8586,4.3071,5.0334
20160920,3.8438,4.3019,5.0028
20160921,3.8601,4.3034,5.0074
20160922,3.8128,4.2856,4.9896
20160923,3.8328,4.2939,4.9842
20160926,3.8324,4.3075,4.956
20160927,3.8227,4.2972,4.9573
20160928,3.8264,4.2918,4.9717
20160929,3.8354,4.3014,4.9837
20160930,3.8558,4.312,4.9962
20161003,3.8252,4.2976,4.9262
20161004,3.8472,4.2984,4.9139
20161005,3.8307,4.3014,4.8783
20161006,3.8405,4.2974,4.8873
20161007,3.8505,4.2853,4.7872
20161010,3.8307,4.2835,4.7576
20161011,3.8487,4.2767,4.7275
20161012,3.8851,4.2825,4.7618
20161013,3.9164,4.3065,4.7651
20161014,3.8965,4.2955,4.7603
20161017,3.9265,4.3142,4.7803
20161018,3.9148,4.3137,4.7946
20161019,3.9285,4.3204,4.8397
20161020,3.9359,4.3189,4.8296
20161021,3.98,4.33,4.8665
20161024,3.969,4.3225,4.857
20161025,3.9543,4.3058,4.8391
20161026,3.9517,4.3178,4.8268
20161027,3.976,4.3388,4.8579
20161028,3.9696,4.3293,4.8294
20161031,3.9488,4.3267,4.8061
20161102,3.8954,4.3169,4.778
20161103,3.8965,4.3238,4.8165
20161104,3.8862,4.3133,4.8502
20161107,3.9132,4.3283,4.851
20161108,3.9169,4.3285,4.8662
20161109,3.9305,4.3455,4.8727
20161110,3.9856,4.3424,4.939
20161114,4.0805,4.3892,5.0919
20161115,4.0837,4.4098,5.0734
20161116,4.138,4.4345,5.1564
20161117,4.1375,4.4386,5.163
20161118,4.1968,4.4484,5.2049
20161121,4.1748,4.439,5.1497
20161122,4.1507,4.4199,5.1792
20161123,4.1588,4.4131,5.1465
20161124,4.188,4.4261,5.2176
20161125,4.1628,4.4106,5.1917
20161128,4.1521,4.419,5.1654
20161129,4.1827,4.4328,5.2163
20161130,4.1721,4.4384,5.2112
20161201,4.1987,4.462,5.2637
20161202,4.215,4.4885,5.3115
20161205,4.2213,4.4897,5.3653
20161206,4.1825,4.5035,5.334
20161207,4.1268,4.4232,5.1955
20161208,4.1107,4.4401,5.2126
20161209,4.1772,4.4385,5.2701
20161212,4.209,4.4583,5.2958
20161213,4.1905,4.4505,5.3306
20161214,4.1768,4.4389,5.2876
20161215,4.2329,4.4453,5.3021
20161216,4.2296,4.4253,5.2532
20161219,4.2255,4.4157,5.2662
20161220,4.2493,4.4128,5.2621
20161221,4.2484,4.418,5.2383
20161222,4.2222,4.4089,5.2072
20161223,4.2199,4.4126,5.1815
20161227,4.212,4.4022,5.1681
20161228,4.226,4.4127,5.1768
20161229,4.2161,4.4131,5.1694
20161230,4.1793,4.424,5.1445
20170102,4.2106,4.4157,5.1925
20170103,4.2271,4.4002,5.1975
20170104,4.2037,4.3877,5.1596
20170105,4.1667,4.3766,5.1266
20170109,4.1592,4.3783,5.0534
20170110,4.127,4.3735,5.0132
20170111,4.1465,4.3684,5.0266
20170112,4.1103,4.3728,5.0413
20170113,4.1084,4.373,5.0152
20170116,4.1354,4.3792,4.9883
20170117,4.0989,4.3771,4.9879
20170118,4.087,4.3705,5.0354
20170119,4.1014,4.3741,5.0503
20170120,4.1005,4.3658,5.0405
20170123,4.076,4.3725,5.0757
20170124,4.0708,4.372,5.0793
20170125,4.0585,4.3636,5.1096
20170126,4.059,4.352,5.1278
20170127,4.0595,4.3413,5.0945
20170130,4.0472,4.3291,5.0701
20170131,4.0446,4.3308,5.0209
20170201,4.0071,4.3221,5.051
20170202,3.9835,4.3084,5.0574
20170203,4.0014,4.2985,4.9959
20170206,3.9892,4.2864,4.9755
20170207,4.028,4.2943,4.9818
20170208,4.0521,4.3128,5.0643
20170209,4.0332,4.3162,5.0672
20170210,4.0435,4.303,5.0537
20170213,4.0496,4.3077,5.0673
20170214,4.0525,4.3025,5.0537
20170215,4.0752,4.3025,5.0627
20170216,4.0567,4.316,5.0765
20170217,4.0693,4.3314,5.0533
20170220,4.0692,4.3227,5.0712
20170221,4.0942,4.3163,5.0888
20170222,4.0899,4.2977,5.086
20170223,4.084,4.3076,5.095
20170224,4.0681,4.3102,5.1011
20170227,4.0745,4.3135,5.0646
20170228,4.077,4.3166,5.0617
20170301,4.0756,4.297,5.0437
20170302,4.0765,4.2912,4.9999
20170303,4.0955,4.3078,5.0091
20170306,4.0663,4.31,4.9844
20170307,4.0803,4.3115,4.9804
20170308,4.0818,4.3087,4.9651
20170309,4.0864,4.3146,4.9656
20170310,4.0761,4.326,4.9621
20170313,4.0747,4.346,4.9737
20170314,4.0697,4.3295,4.935
20170315,4.0646,4.3208,4.961
20170316,4.03,4.3165,4.9377
20170317,3.9917,4.3013,4.9466
20170320,3.9821,4.2821,4.9415
20170321,3.9502,4.2635,4.9201
20170322,3.9731,4.2855,4.9518
20170323,3.9687,4.275,4.9577
20170324,3.9481,4.2658,4.9327
20170327,3.9259,4.263,4.9346
20170328,3.9169,4.2529,4.9309
20170329,3.9265,4.236,4.8869
20170330,3.9402,4.2292,4.8904
20170331,3.9455,4.2198,4.913
20170403,3.9664,4.2327,4.9604
20170404,3.989,4.2525,4.9606
20170405,3.9783,4.2464,4.9607
20170406,3.9792,4.2412,4.9605
20170407,3.9755,4.2273,4.9431
20170410,3.9956,4.2301,4.955
20170411,4.0009,4.2415,4.9707
20170412,4.0026,4.2505,5.0047
20170413,3.9886,4.245,5.0056
20170414,3.9911,4.2395,4.9932
20170418,3.98,4.2401,5.0108
20170419,3.9571,4.2404,5.0729
20170420,3.9588,4.2631,5.0797
20170421,3.9841,4.2705,5.1003
20170424,3.906,4.241,5.0092
20170425,3.8873,4.2346,4.9825
20170426,3.8757,4.2255,4.9671
20170427,3.8776,4.2296,4.9978
20170428,3.8696,4.217,5.0021
20170502,3.8675,4.2226,4.9851
20170504,3.863,4.2177,4.9796
20170505,3.849,4.2176,4.9792
20170508,3.8391,4.2059,4.98
20170509,3.8741,4.2253,5.0122
20170510,3.8777,4.2155,5.0244
20170511,3.8744,4.215,5.0047
20170512,3.8837,4.22,4.9897
20170515,3.8463,4.2096,4.9735
20170516,3.7932,4.1902,4.8948
20170517,3.7808,4.1912,4.8928
20170518,3.7926,4.22,4.938
20170519,3.7735,4.2069,4.9054
20170522,3.7526,4.1907,4.8689
20170523,3.7354,4.2018,4.8508
20170524,3.7535,4.1985,4.8766
20170525,3.7177,4.1796,4.8238
20170526,3.7248,4.1803,4.7942
20170529,3.7371,4.1794,4.7987
20170530,3.7471,4.1739,4.8147
20170531,3.7354,4.1737,4.7749
20170601,3.7262,4.1834,4.7972
20170602,3.7323,4.1882,4.7989
20170605,3.7066,4.1781,4.7782
20170606,3.725,4.1916,4.8143
20170607,3.7241,4.1943,4.8047
20170608,3.74,4.2071,4.8474
20170609,3.7465,4.1877,4.7658
20170612,3.735,4.1927,4.7547
20170613,3.7379,4.1921,4.7478
20170614,3.7497,4.2025,4.7783
20170616,3.7749,4.2181,4.8199
20170619,3.7615,4.2112,4.8167
20170620,3.7862,4.2248,4.8064
20170621,3.809,4.2442,4.8028
20170622,3.8002,4.2442,4.8126
20170623,3.7824,4.2255,4.8151
20170626,3.7653,4.2117,4.7969
20170627,3.7442,4.212,4.7728
20170628,3.7249,4.2317,4.7783
20170629,3.7122,4.2412,4.8168
20170630,3.7062,4.2265,4.8132
20170703,3.7196,4.2331,4.8224
20170704,3.7372,4.2428,4.8296
20170705,3.7471,4.2501,4.8357
20170706,3.7351,4.2388,4.8294
20170707,3.7068,4.2337,4.7906
20170710,3.716,4.2348,4.7818
20170711,3.7235,4.2435,4.8085
20170712,3.7034,4.2432,4.7596
20170713,3.7133,4.2345,4.8005
20170714,3.6986,4.2194,4.7931
20170717,3.6767,4.2091,4.8055
20170718,3.6469,4.2032,4.7499
20170719,3.6486,4.2057,4.753
20170720,3.6604,4.2117,4.7593
20170721,3.632,4.2311,4.719
20170724,3.6395,4.2413,4.7421
20170725,3.6519,4.2559,4.7589
20170726,3.6661,4.2611,4.7722
20170727,3.6366,4.265,4.7774
20170728,3.6406,4.2617,4.7657
20170731,3.6264,4.2545,4.752
20170801,3.5991,4.2548,4.7622
20170802,3.5863,4.2515,4.7492
20170803,3.5918,4.2538,4.7595
20170804,3.5702,4.2423,4.6938
20170807,3.5995,4.2469,4.6958
20170808,3.6027,4.2541,4.6986
20170809,3.6342,4.2638,4.7252
20170810,3.6432,4.2709,4.7315
20170811,3.6449,4.2851,4.7276
20170814,3.6278,4.2823,4.7084
20170816,3.6435,4.2724,4.697
20170817,3.6258,4.2541,4.6738
20170818,3.6459,4.2826,4.7049
20170821,3.6408,4.2747,4.6882
20170822,3.6334,4.2772,4.6694
20170823,3.6274,4.2767,4.6433
20170824,3.6329,4.2827,4.6551
20170825,3.6112,4.26,4.6269
20170828,3.5736,4.264,4.6117
20170829,3.5372,4.2661,4.5852
20170830,3.5678,4.261,4.6085
20170831,3.5822,4.2618,4.6183
20170901,3.5693,4.2457,4.6144
20170904,3.5718,4.257,4.6206
20170905,3.5642,4.2361,4.6075
20170906,3.5538,4.2446,4.6349
20170907,3.5511,4.2466,4.6411
20170908,3.5239,4.2511,4.6301
20170911,3.5293,4.2426,4.6561
20170912,3.5552,4.2511,4.7169
20170913,3.5627,4.2677,4.7303
20170914,3.5984,4.2837,4.7504
20170915,3.5863,4.2781,4.8521
20170918,3.5881,4.2835,4.8662
20170919,3.5821,4.293,4.8277
20170920,3.5619,4.2769,4.8313
20170921,3.5975,4.2863,4.854
20170922,3.5651,4.2746,4.8369
20170925,3.5866,4.2698,4.8543
20170926,3.6234,4.282,4.8873
20170927,3.665,4.3012,4.9086
20170928,3.6682,4.3166,4.9013
20170929,3.6519,4.3091,4.8842
20171002,3.6726,4.3137,4.8914
20171003,3.6737,4.3105,4.8668
20171004,3.6597,4.3025,4.8561
20171005,3.6502,4.2985,4.8157
20171006,3.6799,4.3042,4.8121
20171009,3.6743,4.3121,4.8158
20171010,3.6468,4.2952,4.8061
20171011,3.6219,4.2836,4.7803
20171012,3.6,4.2705,4.7635
20171013,3.601,4.2603,4.7909
20171016,3.6004,4.2449,4.7889
20171017,3.5964,4.2313,4.7709
20171018,3.6006,4.2293,4.7392
20171019,3.5896,4.2381,4.7208
20171020,3.5966,4.2452,4.7221
20171023,3.6061,4.2359,4.752
20171024,3.6031,4.2382,4.7553
20171025,3.6006,4.237,4.7441
20171026,3.5939,4.2458,4.7482
20171027,3.6568,4.252,4.7856
20171030,3.643,4.2403,4.7956
20171031,3.6529,4.2498,4.8233
20171102,3.6366,4.2336,4.8131
20171103,3.6408,4.2406,4.7586
20171106,3.6585,4.2449,4.7938
20171107,3.6652,4.2397,4.82
20171108,3.6595,4.2423,4.8066
20171109,3.6466,4.2308,4.7752
20171110,3.6274,4.2299,4.7709
20171113,3.6382,4.2352,4.7576
20171114,3.6126,4.2332,4.7317
20171115,3.5886,4.2487,4.7148
20171116,3.5958,4.2346,4.7401
20171117,3.5965,4.2419,4.7662
20171120,3.5909,4.2351,4.7671
20171121,3.606,4.2296,4.7738
20171122,3.5881,4.2183,4.7546
20171123,3.5557,4.2108,4.731
20171124,3.5486,4.2116,4.7295
20171127,3.5276,4.2086,4.7089
20171128,3.5382,4.2074,4.7073
20171129,3.5385,4.1991,4.7405
20171130,3.5543,4.2055,4.7847
20171201,3.5352,4.2078,4.7675
20171204,3.5499,4.2082,4.7685
20171205,3.5454,4.2024,4.76
20171206,3.5653,4.2154,4.7715
20171207,3.5722,4.2115,4.7801
20171208,3.5808,4.2026,4.8261
20171211,3.5633,4.2038,4.7646
20171212,3.5708,4.2077,4.7652
20171213,3.588,4.2155,4.7895
20171214,3.5716,4.2216,4.806
20171215,3.5786,4.2217,4.8061
20171218,3.574,4.2134,4.7717
20171219,3.5583,4.2011,4.7578
20171220,3.5459,4.1975,4.7483
20171221,3.5369,4.2018,4.7318
20171222,3.5393,4.1935,4.7387
20171227,3.5253,4.1909,4.7272
20171228,3.5046,4.1815,4.7126
20171229,3.4813,4.1709,4.7001
20180102,3.4546,4.1701,4.6805
20180103,3.4616,4.1673,4.703
20180104,3.4472,4.1515,4.6691
20180105,3.4488,4.1544,4.6663
20180108,3.4735,4.1647,4.699
20180109,3.4992,4.1779,4.7347
20180110,3.4999,4.1784,4.724
20180111,3.495,4.1758,4.7136
20180112,3.4366,4.1669,4.6777
20180115,3.401,4.1696,4.6902
20180116,3.419,4.1825,4.706
20180117,3.4109,4.1739,4.7051
20180118,3.4108,4.1663,4.7216
20180119,3.3994,4.175,4.7301
20180122,3.4036,4.1696,4.7304
20180123,3.4084,4.1712,4.7527
20180124,3.375,4.1637,4.7563
20180125,3.3376,4.1493,4.7688
20180126,3.3299,4.1477,4.7489
20180129,3.3375,4.1423,4.7082
20180130,3.3442,4.1461,4.7061
20180131,3.3318,4.1488,4.7076
20180201,3.3346,4.1504,4.7512
20180202,3.3329,4.1615,4.7381
20180205,3.3375,4.1585,4.7111
20180206,3.3498,4.1547,4.6877
20180207,3.3677,4.1593,4.6886
20180208,3.4119,4.1733,4.7298
20180209,3.4263,4.2024,4.769
20180212,3.4122,4.1846,4.7244
20180213,3.3916,4.1764,4.709
20180214,3.3769,4.1716,4.6846
20180215,3.3259,4.153,4.6763
20180216,3.3173,4.1559,4.6769
20180219,3.3411,4.1467,4.6829
20180220,3.3597,4.1472,4.7042
20180221,3.3697,4.1562,4.7072
20180222,3.4009,4.1811,4.7233
20180223,3.3911,4.1738,4.7365
20180226,3.3799,4.1717,4.7527
20180227,3.3816,4.17,4.7199
20180228,3.4188,4.1779,4.7482
20180301,3.4356,4.1854,4.7207
20180302,3.42,4.1986,4.7109
20180305,3.3995,4.1895,4.6975
20180306,3.3936,4.1891,4.7
20180307,3.3744,4.1922,4.6788
20180308,3.3935,4.2024,4.7046
20180309,3.4132,4.1989,4.7142
20180312,3.4066,4.1942,4.72
20180313,3.4143,4.2097,4.7404
20180314,3.4055,4.2114,4.7506
20180315,3.4117,4.2168,4.7556
20180316,3.4214,4.2162,4.7778
20180319,3.4341,4.2176,4.7982
20180320,3.4296,4.2242,4.8114
20180321,3.4544,4.2416,4.8564
20180322,3.4264,4.2261,4.8445
20180323,3.4319,4.2295,4.8368
20180326,3.4145,4.2316,4.8475
20180327,3.3921,4.2164,4.7993
20180328,3.3956,4.2097,4.8081
20180329,3.4201,4.2093,4.8018
20180330,3.4139,4.2085,4.7974
20180403,3.4177,4.2094,4.8124
20180404,3.4224,4.2065,4.8179
20180405,3.4301,4.207,4.816
20180406,3.4315,4.1984,4.8056
20180409,3.4174,4.1967,4.8221
20180410,3.4068,4.199,4.8267
20180411,3.3859,4.1911,4.8069
20180412,3.3924,4.1882,4.8022
20180413,3.3862,4.1769,4.8372
20180416,3.3666,4.1628,4.8047
20180417,3.3572,4.1582,4.8102
20180418,3.3721,4.1677,4.7861
20180419,3.3693,4.1665,4.777
20180420,3.3881,4.1724,4.766
20180423,3.4156,4.1802,4.779
20180424,3.4401,4.198,4.8002
20180425,3.4548,4.2159,4.8218
20180426,3.4827,4.2392,4.8454
20180427,3.5003,4.2259,4.8379
20180430,3.4868,4.2204,4.7888
20180502,3.5563,4.2675,4.8516
20180504,3.5754,4.2771,4.843
20180507,3.5634,4.2513,4.8236
20180508,3.5884,4.2662,4.8471
20180509,3.609,4.279,4.8894
20180510,3.5773,4.2473,4.8513
20180511,3.5708,4.2569,4.8311
20180514,3.5558,4.2615,4.8314
20180515,3.5931,4.2823,4.864
20180516,3.6241,4.2893,4.8875
20180517,3.6283,4.2868,4.9093
20180518,3.6385,4.2958,4.9117
20180521,3.6615,4.2991,4.9071
20180522,3.6252,4.2812,4.8814
20180523,3.6693,4.3037,4.9034
20180524,3.659,4.2953,4.9056
20180525,3.6686,4.3022,4.9061
20180528,3.6849,4.3031,4.9089
20180529,3.7299,4.3056,4.9356
20180530,3.72,4.3195,4.9383
20180601,3.6934,4.3146,4.9102
20180604,3.6665,4.2931,4.9002
20180605,3.6569,4.2804,4.8913
20180606,3.647,4.2829,4.8911
20180607,3.6062,4.2634,4.8542
20180608,3.6479,4.2912,4.89
20180611,3.6247,4.2717,4.8451
20180612,3.6271,4.2776,4.8604
20180613,3.6461,4.282,4.8582
20180614,3.6155,4.2757,4.8596
20180615,3.6922,4.2802,4.8998
20180618,3.7003,4.2887,4.9003
20180619,3.7316,4.3113,4.9202
20180620,3.7352,4.3171,4.9159
20180621,3.7607,4.3323,4.9309
20180622,3.6977,4.3149,4.9209
20180625,3.7087,4.3242,4.9119
20180626,3.7151,4.3372,4.9281
20180627,3.7351,4.343,4.9285
20180628,3.7705,4.3566,4.9339
20180629,3.744,4.3616,4.927
20180702,3.7703,4.3899,4.966
20180703,3.7723,4.3978,4.9754
20180704,3.7759,4.3969,4.9863
20180705,3.7485,4.3833,4.9627
20180706,3.7222,4.36,4.9305
20180709,3.685,4.338,4.9159
20180710,3.6973,4.3356,4.899
20180711,3.7,4.3322,4.9048
20180712,3.7055,4.3262,4.8953
20180713,3.7244,4.3302,4.8896
20180716,3.6828,4.3076,4.8811
20180717,3.6619,4.2998,4.8572
20180718,3.7031,4.3036,4.8276
20180719,3.7163,4.3155,4.8348
20180720,3.717,4.3275,4.8376
20180723,3.6957,4.3262,4.85
20180724,3.702,4.3256,4.855
20180725,3.6793,4.3035,4.8414
20180726,3.6649,4.2927,4.83
20180727,3.6937,4.2945,4.8353
20180730,3.6684,4.2836,4.8155
20180731,3.6481,4.2779,4.795
20180801,3.6603,4.2758,4.7989
20180802,3.6783,4.2745,4.8128
20180803,3.6926,4.2758,4.7983
20180806,3.692,4.2672,4.7863
20180807,3.6722,4.2554,4.7624
20180808,3.6782,4.2619,4.7465
20180809,3.6846,4.2715,4.7464
20180810,3.7481,4.2942,4.7812
20180813,3.7862,4.3094,4.8298
20180814,3.7768,4.3001,4.8232
20180816,3.7871,4.3105,4.8135
20180817,3.7784,4.3061,4.8043
20180820,3.7695,4.2997,4.8009
20180821,3.7375,4.3101,4.7951
20180822,3.7104,4.2937,4.7798
20180823,3.7069,4.2868,4.7724
20180824,3.7014,4.2801,4.7501
20180827,3.682,4.2748,4.7282
20180828,3.6548,4.2732,4.7166
20180829,3.6747,4.2871,4.7316
20180830,3.6724,4.2917,4.776
20180831,3.6808,4.2953,4.7917
20180903,3.6991,4.2954,4.7692
20180904,3.7241,4.3073,4.779
20180905,3.733,4.3183,4.7856
20180906,3.7143,4.3218,4.8071
20180907,3.6995,4.3079,4.7887
20180910,3.7283,4.3138,4.8255
20180911,3.7087,4.3077,4.8371
20180912,3.7198,4.3103,4.8433
20180913,3.713,4.3126,4.8432
20180914,3.6817,4.3093,4.8346
20180917,3.6876,4.2968,4.8314
20180918,3.6817,4.303,4.837
20180919,3.6685,4.2929,4.8406
20180920,3.6702,4.2912,4.8412
20180921,3.6402,4.2929,4.8116
20180924,3.662,4.3092,4.804
20180925,3.6511,4.2939,4.7987
20180926,3.643,4.2865,4.798
20180927,3.6557,4.2814,4.7982
20180928,3.6754,4.2714,4.8055
20181001,3.6867,4.2795,4.8149
20181002,3.7326,4.2975,4.8403
20181003,3.7103,4.2949,4.8293
20181004,3.7512,4.309,4.8618
20181005,3.7518,4.3117,4.8897
20181008,3.7574,4.3112,4.9058
20181009,3.7629,4.319,4.9161
20181010,3.7507,4.3082,4.9276
20181011,3.7399,4.3179,4.9336
20181012,3.713,4.3022,4.9081
20181015,3.7091,4.2927,4.872
20181016,3.7036,4.2919,4.8872
20181017,3.7123,4.2936,4.8794
20181018,3.7302,4.2966,4.8906
20181019,3.7601,4.3049,4.9014
20181022,3.7273,4.2922,4.8642
20181023,3.7485,4.2984,4.8704
20181024,3.7698,4.3036,4.8758
20181025,3.7796,4.3123,4.8773
20181026,3.7899,4.3125,4.8597
20181029,3.793,4.3164,4.8635
20181030,3.8062,4.3258,4.8585
20181031,3.8203,4.3313,4.865
20181102,3.7804,4.3244,4.925
20181105,3.7907,4.3144,4.9302
20181106,3.7802,4.3115,4.9359
20181107,3.7398,4.2972,4.9235
20181108,3.7599,4.2951,4.9318
20181109,3.7838,4.2901,4.9221
20181112,3.8163,4.2962,4.9027
20181113,3.8268,4.2994,4.9325
20181114,3.8114,4.2954,4.9424
20181115,3.8074,4.297,4.8686
20181116,3.7876,4.295,4.8468
20181119,3.784,4.3242,4.8701
20181120,3.79,4.3314,4.8643
20181121,3.7829,4.307,4.8353
20181122,3.7764,4.3064,4.83
20181123,3.7779,4.2972,4.8542
20181126,3.7701,4.2883,4.8392
20181127,3.7948,4.2919,4.8389
20181128,3.8114,4.2994,4.8636
20181129,3.7728,4.29,4.8216
20181130,3.7731,4.2904,4.8161
20181203,3.7672,4.2818,4.8148
20181204,3.7516,4.281,4.8058
20181205,3.7832,4.2896,4.8144
20181206,3.7844,4.2919,4.8221
20181207,3.7694,4.2845,4.8084
20181210,3.76,4.2911,4.7852
20181211,3.7763,4.2982,4.7647
20181212,3.7934,4.2993,4.7556
20181213,3.7739,4.2937,4.7787
20181214,3.8095,4.3021,4.794
20181217,3.7871,4.2906,4.7718
20181218,3.7668,4.2853,4.7654
20181219,3.7619,4.2846,4.7607
20181220,3.7331,4.2849,4.7357
20181221,3.7528,4.2889,4.753
20181224,3.7588,4.2832,4.7544
20181227,3.7616,4.286,4.7493
20181228,3.755,4.2969,4.748
20181231,3.7597,4.3,4.7895
20190102,3.7619,4.3016,4.7737
20190103,3.7827,4.303,4.7589
20190104,3.772,4.3018,4.7803
20190107,3.7575,4.2989,4.7907
20190108,3.7559,4.3013,4.7952
20190109,3.7509,4.2989,4.7835
20190110,3.736,4.3055,4.768
20190111,3.7289,4.2957,4.755
20190114,3.7458,4.2936,4.8073
20190115,3.7542,4.2922,4.83
20190116,3.7619,4.2929,4.8439
20190117,3.7615,4.2875,4.8468
20190118,3.7694,4.2964,4.8773
20190121,3.7751,4.2928,4.8457
20190122,3.7727,4.2862,4.8718
20190123,3.7747,4.2867,4.9019
20190124,3.7844,4.2942,4.9373
20190125,3.7893,4.2935,4.9581
20190128,3.7592,4.2885,4.9464
20190129,3.7563,4.2974,4.9455
20190130,3.7577,4.2952,4.926
20190131,3.7271,4.2802,4.8889
20190201,3.7243,4.2706,4.8588
20190204,3.7408,4.2813,4.8868
20190205,3.7542,4.2869,4.887
20190206,3.7706,4.2936,4.888
20190207,3.7919,4.3019,4.8941
20190208,3.804,4.3082,4.9192
20190211,3.819,4.3172,4.9277
20190212,3.838,4.3268,4.9303
20190213,3.8261,4.3312,4.9302
20190214,3.8516,4.3394,4.9429
20190215,3.8326,4.3243,4.9104
20190218,3.8286,4.3317,4.9437
20190219,3.8311,4.3303,4.9495
20190220,3.8221,4.3371,4.984
20190221,3.8247,4.3322,4.9965
20190222,3.8242,4.3387,4.9787
20190225,3.8241,4.3402,5.0025
20190226,3.8124,4.3338,5.0259
20190227,3.7886,4.3173,5.0321
20190228,3.7853,4.312,5.035
20190301,3.792,4.3079,5.0223
20190304,3.7893,4.2984,5.0183
20190305,3.7977,4.3018,5.0082
20190306,3.8038,4.2992,5.0014
20190307,3.8038,4.3019,5.0077
20190308,3.8409,4.3068,5.0272
20190311,3.8199,4.2983,4.9577
20190312,3.8116,4.2976,5.0332
20190313,3.8077,4.3006,5.0013
20190314,3.8018,4.3015,5.0398
20190315,3.8014,4.3037,5.0406
20190318,3.7876,4.2993,5.0199
20190319,3.7823,4.294,5.019
20190320,3.7767,4.2864,4.9955
20190321,3.7581,4.287,4.9503
20190322,3.7948,4.2894,4.97
20190325,3.7966,4.2978,5.0024
20190326,3.7969,4.297,5.0128
20190327,3.8113,4.2991,5.0329
20190328,3.8202,4.2998,5.0187
20190329,3.8365,4.3013,4.996
20190401,3.8267,4.3035,5.009
20190402,3.8403,4.3004,5.0086
20190403,3.8192,4.2941,5.0309
20190404,3.8215,4.2921,5.0297
20190405,3.8215,4.2921,4.9998
20190408,3.8188,4.2897,4.9854
20190409,3.8003,4.2871,4.9827
20190410,3.8023,4.2852,4.9678
20190411,3.7964,4.2821,4.9656
20190412,3.7899,4.2847,4.9514
20190415,3.7789,4.277,4.9497
20190416,3.7802,4.2737,4.9476
20190417,3.7778,4.275,4.9265
20190418,3.8002,4.279,4.9483
20190419,3.8051,4.2802,4.9479
20190423,3.8118,4.2886,4.9522
20190424,3.8229,4.2895,4.9452
20190425,3.8537,4.2959,4.9669
20190426,3.8508,4.2906,4.9709
20190429,3.8468,4.295,4.9794
20190430,3.8291,4.2911,4.9677
20190502,3.8177,4.2795,4.984
20190506,3.8313,4.2847,5.0219
20190507,3.8278,4.2858,5.0126
20190508,3.8325,4.2914,4.9984
20190509,3.841,4.2977,4.9898
20190510,3.8242,4.2955,4.9745
20190513,3.8321,4.3029,4.984
20190514,3.8323,4.3085,4.9631
20190515,3.8457,4.3128,4.9661
20190516,3.8259,4.2929,4.9112
20190517,3.8545,4.3072,4.9273
20190520,3.8543,4.2995,4.9117
20190521,3.8625,4.3055,4.9038
20190522,3.862,4.3098,4.8906
20190523,3.8696,4.3107,4.8852
20190524,3.8436,4.2989,4.8768
20190527,3.8374,4.2952,4.8759
20190528,3.8386,4.2967,4.8641
20190529,3.8554,4.3007,4.8744
20190530,3.8548,4.2919,4.8672
20190531,3.8498,4.2916,4.8572
20190603,3.8292,4.2809,4.841
20190604,3.8041,4.2788,4.8144
20190605,3.7929,4.2782,4.8221
20190606,3.8065,4.2783,4.8274
20190607,3.7958,4.2762,4.827
20190610,3.7745,4.264,4.7897
20190611,3.7722,4.2675,4.7939
20190612,3.763,4.265,4.7954
20190613,3.7736,4.261,4.7804
20190614,3.7727,4.2554,4.7771
20190617,3.7989,4.2599,4.7821
20190618,3.8097,4.2631,4.7736
20190619,3.8104,4.2673,4.7888
20190621,3.7705,4.2622,4.7799
20190624,3.736,4.2538,4.7558
20190625,3.7376,4.2554,4.7704
20190626,3.754,4.2642,4.7573
20190627,3.7426,4.2561,4.752
20190628,3.7336,4.252,4.7331
20190701,3.743,4.2406,4.7323
20190702,3.7593,4.2457,4.7433
20190703,3.7596,4.2442,4.7294
20190704,3.7618,4.2427,4.7323
20190705,3.7689,4.2445,4.7319
20190708,3.7857,4.2519,4.7446
20190709,3.8074,4.2637,4.7475
20190710,3.8066,4.2729,4.7508
20190711,3.7859,4.2682,4.7453
20190712,3.7889,4.2669,4.7513
20190715,3.7856,4.2673,4.7515
20190716,3.7867,4.2582,4.7214
20190717,3.8038,4.2644,4.7175
20190718,3.7933,4.2635,4.7341
20190719,3.7855,4.2592,4.7372
20190722,3.7869,4.248,4.7205
20190723,3.7997,4.2492,4.7224
20190724,3.8229,4.2581,4.7648
20190725,3.8199,4.2514,4.7643
20190726,3.8296,4.2645,4.7637
20190729,3.8453,4.2773,4.7394
20190730,3.8493,4.2906,4.6846
20190731,3.8504,4.2911,4.6813
20190801,3.886,4.2931,4.7071
20190802,3.8829,4.3085,4.7051
20190805,3.8739,4.3182,4.7014
20190806,3.8482,4.3096,4.6879
20190807,3.8597,4.3194,4.6874
20190808,3.8538,4.322,4.6856
20190809,3.8613,4.3225,4.6785
20190812,3.8711,4.3262,4.6704
20190813,3.8714,4.3327,4.6714
20190814,3.889,4.3463,4.6926
20190816,3.9281,4.3543,4.7713
20190819,3.9199,4.3519,4.7531
20190820,3.9408,4.3656,4.7654
20190821,3.921,4.3513,4.7623
20190822,3.9337,4.366,4.7784
20190823,3.9371,4.3572,4.805
20190826,3.9335,4.3719,4.8149
20190827,3.9309,4.3684,4.8171
20190828,3.9548,4.3857,4.8213
20190829,3.9586,4.3845,4.8277
20190830,3.9717,4.3844,4.834
20190902,3.9819,4.3691,4.8123
20190903,3.9882,4.3667,4.7823
20190904,3.9414,4.3385,4.7897
20190905,3.933,4.3409,4.8248
20190906,3.9315,4.3392,4.8348
20190909,3.931,4.3373,4.8405
20190910,3.9273,4.335,4.8406
20190911,3.9324,4.3357,4.8601
20190912,3.9362,4.34,4.8497
20190913,3.912,4.3396,4.8705
20190916,3.9116,4.3262,4.8609
20190917,3.9412,4.341,4.8882
20190918,3.9322,4.3419,4.8953
20190919,3.9267,4.3425,4.9062
20190920,3.9319,4.3438,4.9277
20190923,3.9983,4.3891,4.9721
20190924,3.9838,4.3796,4.9509
20190925,3.9856,4.3844,4.9552
20190926,4.0092,4.3861,4.9426
20190927,4.0154,4.3866,4.9332
20190930,4.0,4.3736,4.9313
20191001,4.0147,4.3734,4.9322
20191002,4.0152,4.3788,4.9101
20191003,3.9652,4.3475,4.8832
20191004,3.9469,4.3311,4.8659
20191007,3.9498,4.3304,4.8574
20191008,3.9405,4.331,4.8359
20191009,3.9382,4.3257,4.8208
20191010,3.9226,4.3217,4.7971
20191011,3.9145,4.3097,4.8929
20191014,3.8958,4.2969,4.8998
20191015,3.8952,4.2949,4.9282
20191016,3.8934,4.297,4.961
20191017,3.8638,4.2849,4.9456
20191018,3.8503,4.2844,4.9671
20191021,3.8307,4.2775,4.9709
20191022,3.8408,4.2792,4.97
20191023,3.8473,4.2778,4.9449
20191024,3.8448,4.28,4.9551
20191025,3.8452,4.2762,4.9362
20191028,3.8529,4.2732,4.9504
20191029,3.8598,4.2757,4.9487
20191030,3.8388,4.2655,4.9472
20191031,3.8174,4.2617,4.9405
20191104,3.8099,4.2539,4.9229
20191105,3.8308,4.2631,4.9399
20191106,3.8497,4.2697,4.9607
20191107,3.8502,4.2653,4.9548
20191108,3.8625,4.2638,4.9476
20191112,3.878,4.2788,4.9782
20191113,3.8902,4.285,4.9991
20191114,3.9011,4.2916,5.013
20191115,3.8848,4.2807,5.0014
20191118,3.8767,4.2884,5.0257
20191119,3.8786,4.2928,5.0238
20191120,3.8792,4.2917,5.0081
20191121,3.8737,4.2948,5.0144
20191122,3.8853,4.2975,5.0017
20191125,3.9036,4.299,5.0281
20191126,3.9039,4.2999,5.0224
20191127,3.9154,4.3107,5.0362
20191128,3.9252,4.323,5.0775
20191129,3.9288,4.3236,5.0645
20191202,3.9047,4.3008,5.0411
20191203,3.8706,4.29,5.027
20191204,3.8647,4.2792,5.045
20191205,3.8566,4.2777,5.0651
20191206,3.85,4.2721,5.0527
20191209,3.8704,4.283,5.0915
20191210,3.8711,4.288,5.0945
20191211,3.866,4.2851,5.0798
20191212,3.8505,4.2846,5.0756
20191213,3.8234,4.2747,5.1292
20191216,3.8311,4.2659,5.1083
20191217,3.8211,4.2605,5.0414
20191218,3.8302,4.2644,5.0226
20191219,3.8281,4.2632,5.017
20191220,3.8311,4.2604,4.9958
20191223,3.8394,4.2554,4.9952
20191224,3.8487,4.2624,4.9765
20191227,3.8266,4.2624,5.0019
20191230,3.8027,4.2588,4.9883
20191231,3.7977,4.2585,4.9971
20200102,3.8,4.2571,5.0211
20200103,3.8213,4.2569,4.9934
20200107,3.7861,4.2347,4.9879
20200108,3.8123,4.2465,5.0018
20200109,3.8251,4.2459,4.9837
20200110,3.8272,4.2467,5.002
20200113,3.8101,4.2353,4.9432
20200114,3.8019,4.2323,4.9322
20200115,3.7992,4.2279,4.9357
20200116,3.7968,4.2348,4.9562
20200117,3.8053,4.2344,4.9682
20200120,3.8277,4.2447,4.9698
20200121,3.8284,4.2459,4.9919
20200122,3.8202,4.237,4.9894
20200123,3.8308,4.2463,5.0312
20200124,3.8475,4.2461,5.0381
20200127,3.8725,4.2679,5.0709
20200128,3.8844,4.2794,5.0614
20200129,3.8871,4.2766,5.0584
20200130,3.8856,4.2813,5.0574
20200131,3.8999,4.301,5.116
20200203,3.8864,4.3034,5.0844
20200204,3.8773,4.2867,5.0467
20200205,3.8654,4.262,5.0504
20200206,3.8672,4.2535,5.0177
20200207,3.8947,4.2664,5.0359
20200210,3.8996,4.2699,5.035
20200211,3.9041,4.2609,5.0512
20200212,3.901,4.2599,5.0635
20200213,3.9104,4.2557,5.0711
20200214,3.9098,4.2402,5.0964
20200217,3.9189,4.2502,5.1109
20200218,3.9448,4.2714,5.1271
20200219,3.9556,4.2732,5.145
20200220,3.9621,4.2789,5.1113
20200221,3.9623,4.2831,5.1178
20200224,3.9772,4.3017,5.1293
20200225,3.9624,4.2996,5.1489
20200226,3.9573,4.3093,5.1246
20200227,3.9413,4.31,5.0855
20200228,3.9255,4.3355,5.0657
20200302,3.9023,4.3237,4.9815
20200303,3.8804,4.3173,4.9584
20200304,3.8536,4.2993,4.9264
20200305,3.8479,4.2994,4.9716
20200306,3.8231,4.3178,4.9658
20200309,3.7899,4.3176,4.9782
20200310,3.8058,4.32,4.9707
20200311,3.8186,4.3167,4.9492
20200312,3.8642,4.3451,4.9267
20200313,3.9067,4.3618,4.9191
20200316,3.9231,4.3911,4.8161
20200317,4.046,4.4886,4.9241
20200318,4.0749,4.4806,4.8984
20200319,4.2421,4.5917,4.891
20200320,4.24,4.5459,4.9856
20200323,4.2654,4.5571,4.9491
20200324,4.2421,4.6044,4.9702
20200325,4.222,4.5779,5.0548
20200326,4.1988,4.5962,5.0048
20200327,4.1127,4.5246,5.0218
20200330,4.0933,4.5395,5.0698
20200331,4.1466,4.5523,5.1052
20200401,4.1701,4.5694,5.1588
20200402,4.1917,4.5769,5.2075
20200403,4.2396,4.5792,5.2164
20200406,4.2257,4.5612,5.203
20200407,4.1717,4.5342,5.1437
20200408,4.1801,4.5362,5.1434
20200409,4.1744,4.537,5.1777
20200410,4.1566,4.5484,5.1851
20200414,4.1666,4.5512,5.2337
20200415,4.1519,4.5389,5.1959
20200416,4.1631,4.5326,5.1976
20200417,4.1886,4.5367,5.2119
20200420,4.1525,4.5175,5.1741
20200421,4.1779,4.5276,5.1785
20200422,4.1736,4.5329,5.1501
20200423,4.2093,4.5444,5.1987
20200424,4.2142,4.533,5.1898
20200427,4.1696,4.524,5.1839
20200428,4.184,4.5399,5.2168
20200429,4.1807,4.5432,5.2017
20200430,4.1729,4.5424,5.2047
20200504,4.1646,4.5582,5.178
20200505,4.1927,4.5476,5.2116
20200506,4.2022,4.539,5.1996
20200507,4.2162,4.5505,5.2107
20200508,4.2065,4.5577,5.2136
20200511,4.2126,4.5572,5.2112
20200512,4.2095,4.5549,5.1863
20200513,4.2111,4.5661,5.1694
20200514,4.2269,4.5693,5.1575
20200515,4.2135,4.5552,5.1425
20200518,4.2224,4.5644,5.111
20200519,4.1645,4.561,5.1024
20200520,4.1619,4.554,5.0962
20200521,4.1346,4.5365,5.0543
20200522,4.1503,4.5234,5.0538
20200525,4.1428,4.5111,5.046
20200526,4.0885,4.48,5.0298
20200527,4.0504,4.4378,4.9829
20200528,4.0244,4.4264,4.9316
20200529,4.0031,4.4503,4.9213
20200601,3.968,4.4202,4.9223
20200602,3.9303,4.3902,4.9334
20200603,3.9121,4.3859,4.9186
20200604,3.9573,4.4347,4.9536
20200605,3.9217,4.4443,4.9563
20200608,3.9197,4.4291,4.9779
20200609,3.9453,4.4436,4.988
20200610,3.918,4.4544,5.001
20200612,3.9299,4.4506,4.9644
20200615,3.9413,4.4403,4.943
20200616,3.9058,4.4278,4.9384
20200617,3.9532,4.4503,4.9646
20200618,3.9589,4.4534,4.9551
20200619,3.9741,4.4573,4.9328
20200622,3.9667,4.4524,4.9293
20200623,3.9311,4.4386,4.9075
20200624,3.9395,4.4532,4.9256
20200625,3.9623,4.4495,4.9307
20200626,3.9697,4.4616,4.925
20200629,3.9656,4.4631,4.89
20200630,3.9806,4.466,4.8851
20200701,3.9591,4.4465,4.9043
20200702,3.9528,4.4659,4.95
20200703,3.9764,4.4671,4.956
20200706,3.9588,4.4697,4.9449
20200707,3.9689,4.471,4.9496
20200708,3.9666,4.4739,4.9699
20200709,3.9486,4.4738,4.9914
20200710,3.9646,4.4745,4.9941
20200713,3.9564,4.4745,4.9886
20200714,3.957,4.4916,4.9576
20200715,3.9117,4.4738,4.9309
20200716,3.9422,4.4913,4.9434
20200717,3.9263,4.4827,4.9331
20200720,3.8997,4.4683,4.9091
20200721,3.8812,4.4417,4.9276
20200722,3.8534,4.4401,4.8771
20200723,3.806,4.4108,4.8412
20200724,3.8029,4.4117,4.8406
20200727,3.7643,4.4023,4.8326
20200728,3.7532,4.3987,4.8335
20200729,3.761,4.4194,4.8766
20200730,3.7549,4.409,4.8761
20200731,3.7166,4.4072,4.879
20200803,3.7499,4.4168,4.9125
20200804,3.7364,4.406,4.8828
20200805,3.7143,4.3979,4.8665
20200806,3.724,4.4101,4.9009
20200807,3.7302,4.4139,4.8878
20200810,3.7393,4.4023,4.8904
20200811,3.739,4.4016,4.8934
20200812,3.7558,4.4123,4.9028
20200813,3.7176,4.4011,4.8652
20200814,3.7227,4.3988,4.8692
20200817,3.7076,4.3892,4.8537
20200818,3.6895,4.3953,4.8599
20200819,3.6732,4.3864,4.8651
20200820,3.7164,4.3991,4.8714
20200821,3.7164,4.3902,4.9058
20200824,3.7273,4.4064,4.8841
20200825,3.7144,4.3915,4.8686
20200826,3.7269,4.4032,4.9036
20200827,3.7286,4.4124,4.9265
20200828,3.6983,4.4043,4.9117
20200831,3.6924,4.3969,4.9166
20200901,3.6707,4.3946,4.9256
20200902,3.7191,4.4097,4.9614
20200903,3.7337,4.4181,4.9697
20200904,3.7533,4.4508,4.9953
20200907,3.7666,4.457,4.9688
20200908,3.7652,4.4461,4.9341
20200909,3.7871,4.455,4.9002
20200910,3.761,4.4504,4.8949
20200911,3.7534,4.4504,4.7983
20200914,3.7522,4.449,4.8207
20200915,3.7445,4.4492,4.8232
20200916,3.7526,4.4528,4.8447
20200917,3.7713,4.4514,4.8874
20200918,3.7585,4.4574,4.8811
20200921,3.7963,4.48,4.8759
20200922,3.8359,4.5055,4.9195
20200923,3.8399,4.4946,4.8785
20200924,3.8833,4.5272,4.9467
20200925,3.9016,4.5477,4.9802
20200928,3.9083,4.5497,5.0121
20200929,3.9228,4.5834,5.0522
20200930,3.8658,4.5268,4.956
20201001,3.8513,4.5153,4.9391
20201002,3.8366,4.494,4.9674
20201005,3.8252,4.4944,4.9541
20201006,3.818,4.4961,4.9598
20201007,3.8126,4.4832,4.9204
20201008,3.8175,4.49,4.946
20201009,3.7913,4.4745,4.9089
20201012,3.7927,4.4798,4.9364
20201013,3.7932,4.4737,4.9554
20201014,3.8301,4.4963,4.9429
20201015,3.8904,4.5545,5.037
20201016,3.8976,4.5621,5.0407
20201019,3.8761,4.5498,5.0374
20201020,3.8926,4.5865,5.0451
20201021,3.8706,4.5869,5.0472
20201022,3.8734,4.5877,5.0766
20201023,3.8665,4.5772,5.0608
20201026,3.8759,4.5774,5.0579
20201027,3.886,4.589,5.0607
20201028,3.9313,4.6189,5.0998
20201029,3.9505,4.633,5.1404
20201030,3.9563,4.6188,5.1269
20201102,3.9557,4.6048,5.1076
20201103,3.9069,4.5699,5.076
20201104,3.8996,4.5532,5.0585
20201105,3.8353,4.5233,5.0042
20201106,3.8194,4.5277,5.0196
20201109,3.7787,4.487,4.9602
20201110,3.8168,4.5063,5.0567
20201112,3.7995,4.4868,5.0087
20201113,3.8015,4.496,5.0072
20201116,3.7782,4.4753,4.9761
20201117,3.7877,4.4953,5.0092
20201118,3.7621,4.4729,5.0013
20201119,3.7872,4.4799,5.0027
20201120,3.7677,4.4679,5.0016
20201123,3.7616,4.468,5.0273
20201124,3.7625,4.4714,5.0283
20201125,3.7556,4.471,5.0101
20201126,3.7586,4.4742,5.0221
20201127,3.7614,4.4843,5.0239
20201130,3.7364,4.4779,4.9793
20201201,3.7367,4.4769,4.9904
20201202,3.7038,4.4642,4.9426
20201203,3.6981,4.4789,4.9562
20201204,3.6765,4.4732,4.9565
20201207,3.7001,4.4745,4.9089
20201208,3.6914,4.4767,4.927
20201209,3.6657,4.4449,4.9289
20201210,3.6574,4.4276,4.8708
20201211,3.663,4.4385,4.8418
20201214,3.6548,4.4432,4.9004
20201215,3.6554,4.4441,4.8684
20201216,3.6334,4.4347,4.9108
20201217,3.6254,4.4348,4.9251
20201218,3.6322,4.4493,4.9012
20201221,3.7082,4.5149,4.9024
20201222,3.6921,4.5069,4.9515
20201223,3.6919,4.5019,4.9542
20201224,3.6981,4.5084,5.0286
20201228,3.6639,4.4879,4.9656
20201229,3.6778,4.5051,4.955
20201230,3.6901,4.5272,5.0102
20201231,3.7584,4.6148,5.1327
20210104,3.6998,4.5485,5.0589
20210105,3.7031,4.5446,5.0261
20210107,3.6656,4.4973,4.9832
20210108,3.6919,4.5189,5.0216
20210111,3.7271,4.5325,5.0288
20210112,3.7188,4.5228,5.0588
20210113,3.7142,4.5272,5.0845
20210114,3.7323,4.5407,5.0953
20210115,3.7466,4.548,5.1104
20210118,3.7699,4.5473,5.1002
20210119,3.7416,4.5342,5.0897
20210120,3.7303,4.5237,5.1069
20210121,3.7312,4.531,5.1244
20210122,3.7255,4.5354,5.092
20210125,3.7402,4.5436,5.1141
20210126,3.7512,4.5497,5.1235
20210127,3.7507,4.5468,5.1516
20210128,3.7566,4.5479,5.127
20210129,3.746,4.5385,5.119
20210201,3.7323,4.5137,5.124
20210202,3.7311,4.5025,5.1069
20210203,3.7352,4.4906,5.0937
20210204,3.7509,4.4958,5.0955
20210205,3.7554,4.4978,5.1412
20210208,3.7301,4.4867,5.113
20210209,3.6972,4.4773,5.0954
20210210,3.6973,4.4809,5.1152
20210211,3.7117,4.5023,5.1346
20210212,3.7186,4.5029,5.1274
20210215,3.6949,4.4836,5.1353
20210216,3.694,4.4891,5.1451
20210217,3.7287,4.4998,5.1769
20210218,3.7152,4.4857,5.1732
20210219,3.6997,4.4892,5.1755
20210222,3.7135,4.4963,5.2037
20210223,3.7117,4.5093,5.2294
20210224,3.7145,4.5176,5.2607
20210225,3.6943,4.5143,5.2367
20210226,3.7247,4.5175,5.1946
20210301,3.7572,4.5231,5.2396
20210302,3.7765,4.5345,5.2367
20210303,3.7509,4.5393,5.245
20210304,3.7851,4.554,5.2717
20210305,3.8393,4.5793,5.3056
20210308,3.8665,4.5903,5.3478
20210309,3.8507,4.5844,5.3506
20210310,3.842,4.5718,5.3434
20210311,3.8287,4.5805,5.3411
20210312,3.8521,4.5909,5.3591
20210315,3.8429,4.5836,5.3553
20210316,3.8519,4.5949,5.3262
20210317,3.8676,4.6065,5.3758
20210318,3.8705,4.6224,5.4038
20210319,3.8865,4.6226,5.4116
20210322,3.8768,4.6138,5.3711
20210323,3.8746,4.6073,5.3375
20210324,3.9098,4.6273,5.3684
20210325,3.9253,4.6358,5.378
20210326,3.9307,4.6353,5.4211
20210329,3.957,4.656,5.4645
20210330,3.9604,4.6519,5.4549
20210331,3.9676,4.6603,5.4679
20210401,3.9428,4.6239,5.4316
20210402,3.8986,4.5933,5.3937
20210406,3.8973,4.6041,5.3994
20210407,3.8611,4.5897,5.3406
20210408,3.8365,4.5581,5.2658
20210409,3.8208,4.5414,5.2393
20210412,3.8144,4.533,5.2411
20210413,3.8342,4.5627,5.2727
20210414,3.8065,4.5552,5.2513
20210415,3.8014,4.5546,5.2376
20210416,3.7978,4.5481,5.2235
20210419,3.7816,4.5474,5.2474
20210420,3.7737,4.5541,5.2755
20210421,3.795,4.5567,5.2862
20210422,3.7885,4.5562,5.2655
20210423,3.7855,4.5649,5.2521
20210426,3.7657,4.5565,5.2359
20210427,3.7826,4.5613,5.2426
20210428,3.7939,4.5811,5.2662
20210429,3.7786,4.5782,5.2681
20210430,3.7746,4.5654,5.2491
20210504,3.794,4.5539,5.2622
20210505,3.8136,4.5752,5.2984
20210506,3.8066,4.5829,5.2908
20210507,3.7861,4.5764,5.272
20210510,3.7493,4.5631,5.2823
20210511,3.7514,4.5628,5.305
20210512,3.7456,4.5453,5.2969
20210513,3.7675,4.5447,5.2861
20210514,3.7374,4.5316,5.2571
20210517,3.7288,4.5298,5.2602
20210518,3.705,4.5272,5.2657
20210519,3.7087,4.5306,5.2596
20210520,3.7077,4.5189,5.232
20210521,3.6778,4.4958,5.2249
20210524,3.6795,4.4877,5.2022
20210525,3.6549,4.4806,5.185
20210526,3.6691,4.4914,5.1945
20210527,3.6929,4.498,5.2124
20210528,3.6766,4.4845,5.22
20210531,3.6724,4.4805,5.2044
20210601,3.659,4.4749,5.1919
20210602,3.6659,4.4654,5.1821
20210604,3.6931,4.4734,5.2174
20210607,3.6656,4.4581,5.1838
20210608,3.669,4.4674,5.1889
20210609,3.6545,4.4541,5.1837
20210610,3.6821,4.48,5.1876
20210611,3.6759,4.4723,5.204
20210614,3.7185,4.5027,5.2369
20210615,3.7349,4.5306,5.2617
20210616,3.7336,4.5285,5.2657
20210617,3.7931,4.5309,5.2999
20210618,3.8198,4.5503,5.3015
20210621,3.8214,4.5442,5.2883
20210622,3.8132,4.5366,5.2883
20210623,3.7878,4.52,5.2915
20210624,3.7986,4.5302,5.3072
20210625,3.7749,4.5085,5.2516
20210628,3.7762,4.5092,5.2585
20210629,3.7914,4.5123,5.2459
20210630,3.8035,4.5208,5.2616
20210701,3.8149,4.5187,5.2574
20210702,3.8263,4.5257,5.2631
20210705,3.7979,4.5083,5.2606
20210706,3.8021,4.5036,5.2683
20210707,3.8225,4.5197,5.2671
20210708,3.8408,4.5414,5.2955
20210709,3.8427,4.5467,5.2942
20210712,3.8378,4.5559,5.3192
20210713,3.8533,4.5662,5.3412
20210714,3.8955,4.5904,5.3941
20210715,3.8629,4.5777,5.349
20210716,3.8808,4.5865,5.3788
20210719,3.8968,4.5877,5.3432
20210720,3.9012,4.5983,5.3307
20210721,3.9035,4.5983,5.3203
20210722,3.8801,4.5773,5.3286
20210723,3.8851,4.5747,5.3349
20210726,3.8915,4.5858,5.3582
20210727,3.9017,4.5954,5.3766
20210728,3.8849,4.5955,5.3979
20210729,3.8617,4.5866,5.3909
20210730,3.841,4.5731,5.3681
20210802,3.8377,4.5611,5.3424
20210803,3.8315,4.5533,5.3305
20210804,3.8366,4.5468,5.3448
20210805,3.8485,4.5555,5.3553
20210806,3.8519,4.5495,5.3612
20210809,3.8885,4.5709,5.3883
20210810,3.8937,4.5681,5.3977
20210811,3.9148,4.5854,5.406
20210812,3.9074,4.59,5.4166
20210813,3.8934,4.5718,5.3726
20210816,3.873,4.5651,5.3682
20210817,3.8797,4.5691,5.3571
20210818,3.8861,4.5547,5.3465
20210819,3.9226,4.5843,5.3649
20210820,3.9301,4.588,5.3536
20210823,3.9107,4.5876,5.3394
20210824,3.9086,4.5848,5.3589
20210825,3.8869,4.5679,5.337
20210826,3.8912,4.5758,5.3446
20210827,3.8978,4.5803,5.3405
20210830,3.8724,4.5691,5.3296
20210831,3.8386,4.5374,5.2859
20210901,3.8238,4.5184,5.261
20210902,3.8044,4.5067,5.2452
20210903,3.7998,4.5124,5.2577
20210906,3.8041,4.5134,5.2659
20210907,3.8041,4.5181,5.257
20210908,3.8213,4.5175,5.2596
20210909,3.8292,4.5315,5.2889
20210910,3.8402,4.5499,5.3296
20210913,3.8495,4.5386,5.3189
20210914,3.8542,4.5559,5.3442
20210915,3.8475,4.5502,5.3228
20210916,3.8847,4.5736,5.3697
20210917,3.8882,4.5789,5.3633
20210920,3.9282,4.5999,5.3712
20210921,3.9337,4.6154,5.3827
20210922,3.946,4.6308,5.3828
20210923,3.9256,4.6012,5.3605
20210924,3.9268,4.6085,5.3866
20210927,3.9276,4.5912,5.3815
20210928,3.9546,4.6192,5.4061
20210929,3.9684,4.6287,5.3582
20210930,3.9925,4.6329,5.3653
20211001,3.9678,4.5941,5.3463
20211004,3.9368,4.5716,5.3382
20211005,3.9688,4.6034,5.4056
20211006,3.9992,4.6203,5.42
20211007,3.9334,4.5472,5.3446
20211008,3.9775,4.5956,5.4095
20211011,3.9862,4.612,5.44
20211012,3.9664,4.5859,5.3936
20211013,3.9638,4.5806,5.401
20211014,3.9403,4.577,5.4022
20211015,3.9413,4.5733,5.4083
20211018,3.9471,4.5715,5.4158
20211019,3.9212,4.5717,5.4084
20211020,3.9428,4.5841,5.4327
20211021,3.9449,4.593,5.4461
20211022,3.9576,4.6072,5.4652
20211025,3.9502,4.6018,5.4395
20211026,3.974,4.6134,5.4784
20211027,3.9815,4.6165,5.464
20211028,3.9938,4.6284,5.491
20211029,3.9664,4.6208,5.4619
20211102,3.9772,4.6129,5.425
20211103,3.9681,4.6,5.407
20211104,3.9807,4.5987,5.4249
20211105,3.9911,4.6065,5.3604
20211108,3.9747,4.595,5.3617
20211109,3.9622,4.5942,5.3885
20211110,3.9737,4.6007,5.3784
20211112,4.0559,4.6412,5.4328
20211115,4.0497,4.6365,5.433
20211116,4.1061,4.6652,5.5291
20211117,4.1204,4.6614,5.5345
20211118,4.1114,4.6592,5.548
20211119,4.1457,4.6844,5.569
20211122,4.1855,4.721,5.6202
20211123,4.1893,4.7171,5.6043
20211124,4.1764,4.6811,5.5781
20211125,4.16,4.6688,5.5469
20211126,4.1754,4.7038,5.5597
20211129,4.1627,4.6982,5.5531
20211130,4.1214,4.6834,5.507
20211201,4.1051,4.6494,5.4651
20211202,4.0625,4.6002,5.4114
20211203,4.0653,4.5934,5.4021
20211206,4.0619,4.5889,5.3854
20211207,4.0788,4.5991,5.4098
20211208,4.071,4.5941,5.3909
20211209,4.0837,4.6226,5.3927
20211210,4.0887,4.6129,5.3977
20211213,4.1003,4.6204,5.431
20211214,4.1088,4.6436,5.433
20211215,4.0999,4.6214,5.4363
20211216,4.0938,4.6315,5.4408
20211217,4.0882,4.6334,5.4443
20211220,4.1182,4.6381,5.4304
20211221,4.0937,4.6238,5.4229
20211222,4.0984,4.6244,5.445
20211223,4.095,4.6359,5.4889
20211224,4.0785,4.6252,5.4691
20211227,4.0889,4.6239,5.4805
20211228,4.062,4.6028,5.4623
20211229,4.0779,4.5997,5.4693
20211230,4.0631,4.5915,5.468
20211231,4.06,4.5994,5.4846
20220103,4.0424,4.5889,5.4643
20220104,4.0468,4.5737,5.4677
20220105,4.0396,4.5672,5.4658
20220107,4.0279,4.5576,5.4595
20220110,4.0064,4.5377,5.4406
20220111,4.0106,4.5454,5.458
20220112,3.9879,4.5332,5.4345
20220113,3.9463,4.527,5.4209
20220114,3.9597,4.5372,5.4387
20220117,3.9567,4.5201,5.4123
20220118,3.9734,4.5275,5.4144
20220119,3.993,4.5279,5.4357
20220120,3.9833,4.5201,5.4279
20220121,3.9953,4.5303,5.421
20220124,4.0049,4.5358,5.4169
20220125,4.0593,4.5821,5.4731
20220126,4.0684,4.592,5.4958
20220127,4.083,4.5713,5.4818
20220128,4.1048,4.5697,5.4934
20220131,4.1147,4.5982,5.532
20220201,4.0689,4.582,5.492
20220202,4.0283,4.55,5.4556
20220203,4.0267,4.5439,5.4598
20220204,3.9657,4.5459,5.381
20220207,3.9872,4.555,5.3893
20220208,3.9693,4.5274,5.3792
20220209,3.953,4.5167,5.3633
20220210,3.9218,4.4879,5.3225
20220211,3.9665,4.5163,5.3772
20220214,4.0439,4.5743,5.4645
20220215,3.974,4.5091,5.3856
20220216,3.9478,4.4916,5.3542
20220217,3.9687,4.5088,5.3988
20220218,3.9798,4.5256,5.4222
20220221,3.9769,4.5193,5.4227
20220222,4.012,4.5416,5.4482
20220223,3.9937,4.5352,5.4333
20220224,4.1281,4.6284,5.546
20220225,4.1683,4.6608,5.5751
20220228,4.1965,4.6909,5.6131
20220301,4.2193,4.7241,5.6593
20220302,4.3302,4.7989,5.7631
20220303,4.3257,4.7931,5.7881
20220304,4.391,4.8363,5.8413
20220307,4.5722,4.9647,6.0211
20220308,4.5115,4.9121,5.9196
20220309,4.4147,4.8429,5.8051
20220310,4.3482,4.8013,5.7264
20220311,4.3694,4.7924,5.7127
20220314,4.3221,4.7465,5.6375
20220315,4.2992,4.7311,5.6056
20220316,4.2828,4.7055,5.5931
20220317,4.2403,4.6876,5.5865
20220318,4.2707,4.7221,5.6109
20220321,4.2444,4.693,5.5819
20220322,4.272,4.6975,5.6322
20220323,4.2772,4.7036,5.6574
20220324,4.331,4.7589,5.7061
20220325,4.3125,4.7459,5.6769
20220328,4.2784,4.702,5.6311
20220329,4.2917,4.7144,5.605
20220330,4.1688,4.6507,5.4775
20220331,4.1801,4.6525,5.4842
20220401,4.1978,4.6428,5.5114
20220404,4.2073,4.6373,5.518
20220405,4.2233,4.6317,5.541
20220406,4.2606,4.6539,5.5802
20220407,4.2727,4.6478,5.586
20220408,4.2703,4.6405,5.5702
20220411,4.2586,4.6451,5.5484
20220412,4.2926,4.6626,5.5819
20220413,4.2872,4.646,5.5761
20220414,4.2581,4.6447,5.5923
20220415,4.2865,4.6378,5.6019
20220419,4.2887,4.6361,5.5924
20220420,4.2708,4.6295,5.565
20220421,4.2596,4.6523,5.5636
20220422,4.2935,4.6361,5.5327
20220425,4.3188,4.6405,5.5054
20220426,4.3469,4.6429,5.5299
20220427,4.4453,4.7076,5.5744
20220428,4.4613,4.6915,5.5924
20220429,4.4072,4.6582,5.532
20220502,4.4454,4.6806,5.5894
20220504,4.4456,4.6777,5.5631
20220505,4.4017,4.6658,5.5223
20220506,4.4502,4.6979,5.4914
20220509,4.4784,4.7059,5.4956
20220510,4.4223,4.6761,5.4564
20220511,4.419,4.67,5.4677
20220512,4.4863,4.6841,5.4644
20220513,4.4849,4.6679,5.4736
20220516,4.4785,4.6724,5.4799
20220517,4.4379,4.6558,5.5377
20220518,4.4279,4.6528,5.4797
20220519,4.4231,4.6429,5.4796
20220520,4.3832,4.6366,5.4735
20220523,4.3369,4.6171,5.4524
20220524,4.3071,4.6107,5.3775
20220525,4.3069,4.5955,5.3938
20220526,4.3189,4.6135,5.4257
20220527,4.2966,4.6102,5.4209
20220530,4.2617,4.5869,5.3821
20220531,4.2651,4.5756,5.3783
20220601,4.2817,4.5891,5.385
20220602,4.2931,4.5876,5.3832
20220603,4.2689,4.5908,5.3681
20220606,4.2675,4.588,5.3655
20220607,4.2935,4.5855,5.3644
20220608,4.2904,4.5817,5.3719
20220609,4.2764,4.5826,5.3566
20220610,4.3363,4.603,5.4127
20220613,4.4209,4.6313,5.4022
20220614,4.4478,4.6548,5.4041
20220615,4.4455,4.6642,5.3729
20220617,4.463,4.6951,5.4971
20220620,4.44,4.6731,5.4376
20220621,4.3917,4.646,5.4064
20220622,4.4338,4.659,5.4171
20220623,4.4881,4.7096,5.4756
20220624,4.4656,4.7094,5.4831
20220627,4.4369,4.6965,5.4655
20220628,4.4377,4.7004,5.451
20220629,4.4533,4.6809,5.4215
20220630,4.4825,4.6806,5.4429
20220701,4.5106,4.7176,5.4583
20220704,4.5032,4.7002,5.4587
20220705,4.5947,4.7358,5.5334
20220706,4.6796,4.7942,5.5968
20220707,4.7029,4.7965,5.629
20220708,4.7417,4.7958,5.6594
20220711,4.7416,4.7976,5.6736
20220712,4.8284,4.8337,5.7119
20220713,4.8221,4.8399,5.7338
20220714,4.8274,4.8371,5.7163
20220715,4.7966,4.8115,5.6739
20220718,4.7152,4.777,5.6333
20220719,4.6594,4.7731,5.6009
20220720,4.6524,4.7603,5.5852
20220721,4.6682,4.7578,5.5738
20220722,4.692,4.7643,5.6103
20220725,4.6171,4.7196,5.5525
20220726,4.6222,4.7183,5.5621
20220727,4.7142,4.7811,5.685
20220728,4.6952,4.7973,5.722
20220729,4.6365,4.7399,5.6434
20220801,4.629,4.7475,5.6612
20220802,4.5984,4.7092,5.6062
20220803,4.6164,4.7032,5.6221
20220804,4.634,4.723,5.6374
20220805,4.6024,4.7053,5.5889
20220808,4.6127,4.7013,5.5752
20220809,4.5919,4.7021,5.5646
20220810,4.6112,4.7138,5.5775
20220811,4.5206,4.6745,5.5339
20220812,4.5459,4.6832,5.5357
20220816,4.6282,4.6928,5.5711
20220817,4.6119,4.6921,5.5818
20220818,4.6468,4.7244,5.5983
20220819,4.7061,4.748,5.5981
20220822,4.7427,4.7493,5.6022
20220823,4.803,4.7706,5.6567
20220824,4.8029,4.7772,5.6784
20220825,4.7546,4.7584,5.6312
20220826,4.7465,4.7413,5.6007
20220829,4.7821,4.7529,5.5752
20220830,4.721,4.7328,5.5413
20220831,4.736,4.7265,5.5126
20220901,4.6959,4.7133,5.4464
20220902,4.7276,4.7144,5.4622
20220905,4.769,4.7263,5.4798
20220906,4.7367,4.7168,5.4821
20220907,4.7584,4.7137,5.4696
20220908,4.7268,4.7244,5.4322
20220909,4.6599,4.7098,5.4185
20220912,4.6225,4.7113,5.4044
20220913,4.6363,4.7082,5.4311
20220914,4.7233,4.7195,5.4504
20220915,4.7202,4.7164,5.4412
20220916,4.7384,4.7176,5.3882
20220919,4.7255,4.7142,5.3711
20220920,4.7118,4.7165,5.3866
20220921,4.7919,4.7449,5.4289
20220922,4.8343,4.7758,5.475
20220923,4.8796,4.7591,5.453
20220926,4.9113,4.7566,5.2822
20220927,4.9476,4.7616,5.3465
20220928,5.0381,4.8147,5.3856
20220929,5.0328,4.8637,5.4331
20220930,4.9533,4.8698,5.556
20221003,4.9207,4.8272,5.5155
20221004,4.8615,4.8007,5.532
20221005,4.838,4.8128,5.5269
20221006,4.8989,4.8445,5.5303
20221007,4.9588,4.8606,5.5505
20221010,5.0239,4.8677,5.5542
20221011,5.0171,4.8711,5.541
20221012,5.0014,4.8536,5.5205
20221013,4.9905,4.8468,5.5395
20221014,4.9569,4.833,5.5886
20221017,4.9522,4.8229,5.5801
20221018,4.8929,4.8092,5.5256
20221019,4.8892,4.7997,5.5061
20221020,4.9024,4.7955,5.4837
20221021,4.9,4.7804,5.4537
20221024,4.8669,4.7866,5.5126
20221025,4.8499,4.7805,5.4898
20221026,4.7538,4.7723,5.5146
20221027,4.7216,4.7504,5.4728
20221028,4.7477,4.7199,5.4733
20221031,4.734,4.7089,5.4748
20221102,4.7485,4.7039,5.4601
20221103,4.8291,4.7101,5.433
20221104,4.7975,4.6898,5.3825
20221107,4.6926,4.6858,5.3687
20221108,4.6893,4.6912,5.3894
20221109,4.6817,4.7037,5.361
20221110,4.7328,4.7146,5.3795
20221114,4.5383,4.6794,5.3546
20221115,4.5143,4.6985,5.3404
20221116,4.505,4.6942,5.3593
20221117,4.5387,4.7039,5.395
20221118,4.5337,4.7067,5.4075
20221121,4.5991,4.7035,5.4294
20221122,4.5844,4.7075,5.4362
20221123,4.548,4.6958,5.4205
20221124,4.5101,4.6993,5.4542
20221125,4.5111,4.6884,5.4497
20221128,4.4827,4.6835,5.4185
20221129,4.5164,4.6813,5.4141
20221130,4.5066,4.6684,5.4151
20221201,4.4911,4.6892,5.4564
20221202,4.4492,4.685,5.461
20221205,4.4415,4.6898,5.4558
20221206,4.4787,4.6995,5.4534
20221207,4.4834,4.6968,5.438
20221208,4.476,4.6976,5.4484
20221209,4.4351,4.6821,5.4317
20221212,4.4424,4.6912,5.453
20221213,4.4527,4.6945,5.4638
20221214,4.3973,4.6886,5.449
20221215,4.41,4.6843,5.4418
20221216,4.4227,4.6934,5.3716
20221219,4.4153,4.6886,5.3926
20221220,4.4001,4.6804,5.3463
20221221,4.3947,4.6648,5.3342
20221222,4.3726,4.6551,5.2905
20221223,4.37,4.6364,5.2722
20221227,4.3671,4.6558,5.2676
20221228,4.4127,4.6938,5.3085
20221229,4.4078,4.6969,5.3132
20221230,4.4018,4.6899,5.2957
20230102,4.3811,4.6784,5.2768
20230103,4.4373,4.68,5.2911
20230104,4.3998,4.6688,5.3064
20230105,4.397,4.6709,5.2892
20230109,4.401,4.697,5.3515
20230110,4.372,4.6981,5.3266
20230111,4.3639,4.6871,5.2938
20230112,4.3556,4.6888,5.3035
20230113,4.3272,4.6915,5.291
20230116,4.3436,4.7004,5.2998
20230117,4.3398,4.6946,5.2992
20230118,4.3322,4.7091,5.3543
20230119,4.3469,4.7053,5.3625
20230120,4.352,4.7137,5.3711
20230123,4.3242,4.7186,5.3648
20230124,4.3341,4.7073,5.3443
20230125,4.3265,4.7079,5.3263
20230126,4.3354,4.7239,5.369
20230127,4.3252,4.7076,5.3505
20230130,4.3258,4.716,5.3609
20230131,4.348,4.7089,5.3595
20230201,4.3254,4.708,5.3279
20230202,4.2803,4.7079,5.2838
20230203,4.2928,4.692,5.2571
20230206,4.3833,4.7195,5.2764
20230207,4.4325,4.7476,5.3212
20230208,4.4074,4.7402,5.3351
20230209,4.4003,4.7363,5.3427
20230210,4.4565,4.7716,5.3922
20230213,4.4856,4.7895,5.4003
20230214,4.4463,4.7847,5.4193
20230215,4.4372,4.7593,5.3674
20230216,4.4601,4.7728,5.3772
20230217,4.4888,4.7747,5.3606
20230220,4.4515,4.7542,5.352
20230221,4.4524,4.7469,5.3832
20230222,4.4687,4.7538,5.3971
20230223,4.4873,4.7525,5.3984
20230224,4.463,4.7245,5.3663
20230227,4.4697,4.7162,5.3523
20230228,4.4475,4.717,5.37
20230301,4.4094,4.6925,5.3218
20230302,4.4002,4.675,5.2676
20230303,4.4341,4.7046,5.3147
20230306,4.4289,4.7073,5.3268
20230307,4.3981,4.6871,5.2836
20230308,4.4626,4.7018,5.2811
20230309,4.4356,4.6836,5.2648
20230310,4.4266,4.6838,5.3068
20230313,4.3906,4.6848,5.3013
20230314,4.3793,4.6909,5.3227
20230315,4.403,4.7015,5.3341
20230316,4.4248,4.6978,5.3427
20230317,4.4202,4.7062,5.362
20230320,4.413,4.7109,5.3808
20230321,4.3715,4.6981,5.3561
20230322,4.3467,4.6888,5.3385
20230323,4.3011,4.6817,5.2966
20230324,4.3742,4.6911,5.3417
20230327,4.3518,4.6856,5.3364
20230328,4.33,4.6816,5.3242
20230329,4.3247,4.685,5.3302
20230330,4.3043,4.6801,5.3177
20230331,4.2934,4.6755,5.3107
20230403,4.3168,4.6805,5.3236
20230404,4.2855,4.6785,5.3462
20230405,4.2739,4.6803,5.3379
20230406,4.3033,4.6902,5.3648
20230407,4.2932,4.6862,5.3404
20230411,4.2917,4.681,5.3369
20230412,4.2713,4.666,5.3041
20230413,4.2225,4.6511,5.2874
20230414,4.2042,4.6494,5.2565
20230417,4.2261,4.6341,5.231
20230418,4.2151,4.6286,5.2428
20230419,4.2244,4.6278,5.2529
20230420,4.2024,4.6109,5.2296
20230421,4.2006,4.6039,5.2086
20230424,4.1905,4.6129,5.2176
20230425,4.1649,4.598,5.1958
20230426,4.1557,4.5887,5.1861
20230427,4.1541,4.5915,5.1805
20230428,4.1753,4.5889,5.2005
20230502,4.1823,4.5892,5.2162
20230504,4.1547,4.5868,5.217
20230505,4.1612,4.5885,5.2452
20230508,4.1384,4.5671,5.2297
20230509,4.1609,4.5683,5.2458
20230510,4.1532,4.5488,5.2424
20230511,4.1414,4.5259,5.2109
20230512,4.1638,4.5444,5.2189
20230515,4.149,4.5096,5.1817
20230516,4.1228,4.4904,5.1626
20230517,4.1504,4.4945,5.1581
20230518,4.1929,4.5355,5.215
20230519,4.2053,4.5367,5.2182
20230522,4.1881,4.5269,5.2096
20230523,4.1634,4.4981,5.1667
20230524,4.1573,4.4803,5.164
20230525,4.1994,4.503,5.1935
20230526,4.2156,4.5242,5.2074
20230529,4.2234,4.5294,5.2146
20230530,4.2242,4.522,5.228
20230531,4.2559,4.5376,5.2567
20230601,4.2399,4.5312,5.2707
20230602,4.1903,4.5148,5.2543
20230605,4.1933,4.4851,5.2031
20230606,4.1964,4.4902,5.213
20230607,4.1887,4.479,5.2109
20230609,4.1545,4.4717,5.2106
20230612,4.1169,4.4366,5.1835
20230613,4.1439,4.4783,5.2055
20230614,4.1393,4.4715,5.2298
20230615,4.1203,4.4633,5.2166
20230616,4.0715,4.4583,5.2095
20230619,4.068,4.4457,5.214
20230620,4.058,4.4386,5.1877
20230621,4.0648,4.4408,5.1703
20230622,4.033,4.4335,5.1519
20230623,4.0893,4.4367,5.194
20230626,4.0669,4.4297,5.1803
20230627,4.0481,4.4286,5.1561
20230628,4.0719,4.46,5.1764
20230629,4.0832,4.4568,5.1643
20230630,4.1066,4.4503,5.1796
20230703,4.0714,4.4321,5.1587
20230704,4.0636,4.4273,5.1588
20230705,4.0869,4.4498,5.1953
20230706,4.1191,4.4754,5.2362
20230707,4.1189,4.4803,5.245
20230710,4.0632,4.4553,5.2084
20230711,4.0374,4.4426,5.2006
20230712,4.0347,4.4471,5.2168
20230713,3.9724,4.4336,5.1813
20230714,3.9617,4.4486,5.1973
20230717,3.9616,4.452,5.1876
20230718,3.9451,4.4331,5.1596
20230719,3.9612,4.4492,5.1229
20230720,3.971,4.4511,5.1321
20230721,3.999,4.4501,5.1422
20230724,4.021,4.4517,5.1527
20230725,4.008,4.4348,5.1508
20230726,3.9949,4.4248,5.1577
20230727,3.9702,4.4224,5.1585
20230728,4.0377,4.4257,5.1702
20230731,3.9995,4.4135,5.1403
20230801,4.0262,4.419,5.1648
20230802,4.0497,4.4484,5.1786
20230803,4.081,4.4585,5.1729
20230804,4.062,4.4438,5.1582
20230807,4.0347,4.4279,5.1356
20230808,4.0396,4.4375,5.1521
20230809,4.0592,4.4586,5.1772
20230810,4.0521,4.465,5.1696
20230811,4.0501,4.4547,5.1458
20230814,4.0525,4.4361,5.1457
20230816,4.0832,4.4621,5.2091
20230817,4.1094,4.4681,5.224
20230818,4.1285,4.4869,5.2515
20230821,4.1124,4.4768,5.2317
20230822,4.0924,4.4648,5.2306
20230823,4.1438,4.4834,5.2539
20230824,4.118,4.473,5.2291
20230825,4.1419,4.4674,5.2128
20230828,4.14,4.4716,5.2065
20230829,4.1341,4.469,5.2132
20230830,4.1167,4.474,5.2023
20230831,4.1074,4.4684,5.2158
20230901,4.1263,4.4762,5.2301
20230904,4.1353,4.4653,5.2241
20230905,4.1643,4.4764,5.2203
20230906,4.1895,4.4974,5.2626
20230907,4.289,4.594,5.3518
20230908,4.2958,4.6019,5.3645
20230911,4.3077,4.6209,5.3926
20230912,4.3711,4.6836,5.4495
20230913,4.3225,4.6402,5.3931
20230914,4.312,4.6285,5.3845
20230915,4.3418,4.6307,5.4005
20230918,4.3489,4.6377,5.3845
20230919,4.3472,4.6458,5.3802
20230920,4.3501,4.6529,5.3803
20230921,4.3365,4.621,5.3357
20230922,4.3269,4.6069,5.302
20230925,4.3188,4.5892,5.2783
20230926,4.3485,4.6077,5.298
20230927,4.3622,4.6065,5.2997
20230928,4.4062,4.634,5.3631
20230929,4.3697,4.6356,5.3464
20231002,4.3634,4.6091,5.3183
20231003,4.4012,4.6147,5.3195
20231004,4.4155,4.6303,5.3492
20231005,4.3768,4.5974,5.3057
20231006,4.3608,4.5998,5.3195
20231009,4.3439,4.5793,5.2897
20231010,4.2985,4.5581,5.2747
20231011,4.2589,4.5183,5.2304
20231012,4.2659,4.5329,5.2452
20231013,4.3033,4.5417,5.2563
20231016,4.2505,4.4804,5.1683
20231017,4.2131,4.4389,5.1222
20231018,4.2035,4.4488,5.1283
20231019,4.2264,4.4529,5.1171
20231020,4.2194,4.4675,5.1159
20231023,4.2022,4.4552,5.1103
20231024,4.1884,4.4604,5.1366
20231025,4.2284,4.4758,5.1328
20231026,4.2395,4.4708,5.1209
20231027,4.2267,4.4642,5.1266
20231030,4.204,4.4491,5.0987
20231031,4.1684,4.4475,5.0823
20231102,4.1963,4.4582,5.1135
20231103,4.1857,4.4569,5.1123
20231106,4.1512,4.4615,5.1471
20231107,4.1667,4.4513,5.1259
20231108,4.1804,4.4584,5.1196
20231109,4.1513,4.4413,5.1061
20231110,4.1423,4.4227,5.0609
20231113,4.1474,4.4336,5.0783
20231114,4.121,4.4163,5.0683
20231115,4.0453,4.39,5.0416
20231116,4.0415,4.3854,5.0119
20231117,4.0327,4.3767,5.0048
20231120,3.9938,4.368,4.996
20231121,3.9882,4.3647,4.9971
20231122,4.018,4.3804,5.0341
20231123,3.9969,4.3658,5.0193
20231124,4.0103,4.3722,5.0325
20231127,3.9769,4.3543,5.0142
20231128,3.975,4.3542,5.0198
20231129,3.9478,4.3327,5.0066
20231130,3.981,4.3492,5.035
20231201,3.991,4.3494,5.0557
20231204,3.985,4.3337,5.0509
20231205,3.991,4.3233,5.0417
20231206,4.0202,4.3382,5.0656
20231207,4.0199,4.3334,5.0597
20231208,4.0181,4.3303,5.0458
20231211,4.0277,4.3366,5.0567
20231212,4.0204,4.3396,5.0516
20231213,4.0149,4.3309,5.0289
20231214,3.9484,4.3053,5.0015
20231215,3.9326,4.3103,5.024
20231218,3.9625,4.3269,5.0196
20231219,3.9591,4.3321,5.0283
20231220,3.9527,4.3341,5.0117
20231221,3.9645,4.3387,5.0077
20231222,3.9338,4.3288,4.9905
20231227,3.9178,4.3311,4.9834
20231228,3.899,4.3392,4.9887
20231229,3.935,4.348,4.9997
20240102,3.9432,4.3434,5.0152
20240103,3.9909,4.3646,5.0397
20240104,3.9684,4.3525,5.0481
20240105,3.985,4.3484,5.044
20240108,3.9812,4.3548,5.0543
20240109,3.9612,4.3351,5.0446
20240110,3.9656,4.3413,5.0466
20240111,3.968,4.3505,5.0549
20240112,3.9746,4.3574,5.0688
20240115,3.9963,4.3748,5.0861
20240116,4.0358,4.3934,5.1027
20240117,4.0434,4.3978,5.1274
20240118,4.0437,4.4016,5.1253
20240119,4.0289,4.3846,5.1103
20240122,3.9972,4.356,5.0784
20240123,4.0133,4.3697,5.1084
20240124,4.0131,4.3755,5.1223
20240125,4.0189,4.379,5.1148
20240126,4.0393,4.3802,5.1357
20240129,4.0326,4.3653,5.123
20240130,4.0301,4.3634,5.1106
20240131,4.0135,4.3434,5.0848
20240201,4.0047,4.3247,5.0688
20240202,3.9641,4.3173,5.0572
20240205,4.0244,4.3278,5.0712
20240206,4.0484,4.3435,5.0777
20240207,4.0362,4.3466,5.099
20240208,4.0292,4.3449,5.0892
20240209,4.0096,4.3167,5.0559
20240212,4.0189,4.328,5.0721
20240213,4.0136,4.3214,5.0786
20240214,4.0593,4.3435,5.0902
20240215,4.0495,4.3463,5.084
20240216,4.0325,4.3414,5.0753
20240219,4.0269,4.339,5.0796
20240220,3.9994,4.3186,5.0407
20240221,3.9966,4.3163,5.0406
20240222,3.9804,4.3199,5.0454
20240223,4.005,4.3326,5.0691
20240226,3.9776,4.3117,5.0435
20240227,3.9682,4.3067,5.0353
20240228,3.9922,4.3116,5.0404
20240229,3.9803,4.319,5.042
20240301,3.9922,4.3176,5.0413
20240304,3.982,4.3201,5.048
20240305,3.9838,4.3228,5.0535
20240306,3.963,4.3106,5.0452
20240307,3.9485,4.3045,5.0336
20240308,3.9392,4.3079,5.0536
20240311,3.9262,4.2933,5.0423
20240312,3.9162,4.2804,5.0084
20240313,3.9269,4.2896,5.0171
20240314,3.9183,4.287,5.0214
20240315,3.9392,4.2929,5.0233
20240318,3.9528,4.3086,5.0343
20240319,3.9866,4.3201,5.0516
20240320,3.9895,4.3242,5.0635
20240321,3.9431,4.3031,5.0367
20240322,3.9928,4.3186,5.0257
20240325,3.9833,4.3091,5.0246
20240326,3.9704,4.3093,5.0243
20240327,3.9857,4.3153,5.0327
20240328,4.0081,4.3191,5.0474
20240329,3.9886,4.3009,5.03
20240402,4.0009,4.2934,5.0256
20240403,3.9843,4.2923,5.0117
20240404,3.9515,4.2921,5.0042
20240405,3.9571,4.2883,5.0003
20240408,3.9546,4.2805,4.9915
20240409,3.9223,4.2588,4.966
20240410,3.9264,4.2641,4.9843
20240411,3.9707,4.2649,4.9835
20240412,3.9983,4.2666,5.0007
20240415,4.0209,4.2851,5.0192
20240416,4.0687,4.3197,5.0609
20240417,4.0741,4.3353,5.0812
20240418,4.0559,4.3309,5.0589
20240419,4.0688,4.3316,5.0615
20240422,4.054,4.3203,5.0131
20240423,4.061,4.3335,5.0238
20240424,4.0417,4.3177,5.022
20240425,4.0276,4.3198,5.0427
20240426,4.0245,4.3225,5.0414
20240429,4.0346,4.319,5.0509
20240430,4.0341,4.3213,5.0598
20240502,4.0474,4.3323,5.067
20240506,4.0202,4.3294,5.0583
20240507,4.0056,4.3116,5.0228
20240508,4.0202,4.3195,5.0157
20240509,4.0076,4.2993,4.9986
20240510,3.9866,4.2979,4.9961
20240513,3.9853,4.2977,4.9947
20240514,3.9701,4.2812,4.9741
20240515,3.9368,4.2635,4.9651
20240516,3.9195,4.2617,4.9679
20240517,3.9363,4.2685,4.979
20240520,3.9149,4.2575,4.9743
20240521,3.9175,4.2572,4.9798
20240522,3.9243,4.2575,4.995
20240523,3.9394,4.2699,5.0113
20240524,3.9376,4.2624,5.0022
20240527,3.9196,4.2528,4.9951
20240528,3.9183,4.2592,5.0032
20240529,3.9244,4.2529,5.0055
20240531,3.9389,4.2678,5.0056
20240603,3.9501,4.2817,5.0181
20240604,3.9448,4.2923,5.0403
20240605,3.9607,4.3081,5.0606
20240606,3.953,4.2997,5.0543
20240607,3.9389,4.2891,5.0371
20240610,4.0159,4.3197,5.1033
20240611,4.0443,4.3456,5.1464
20240612,4.0342,4.3354,5.1465
20240613,4.0119,4.3355,5.135
20240614,4.076,4.3581,5.1857
20240617,4.0728,4.3608,5.1616
20240618,4.0549,4.3468,5.1423
20240619,4.0387,4.3376,5.1421
20240620,4.0345,4.3238,5.1224
20240621,4.0527,4.3331,5.1291
20240624,4.0319,4.3198,5.1037
20240625,3.9975,4.2909,5.0774
20240626,4.0291,4.3087,5.1027
20240627,4.0312,4.3085,5.0934
20240628,4.032,4.313,5.0942
20240701,3.9915,4.2981,5.0587
20240702,4.0375,4.3286,5.0988
20240703,3.999,4.3021,5.0768
20240704,3.9784,4.2975,5.075
20240705,3.9581,4.2858,5.0582
20240708,3.947,4.278,5.06
20240709,3.9391,4.2633,5.0444
20240710,3.9324,4.2529,5.0318
20240711,3.9257,4.2586,5.0547
20240712,3.9099,4.2567,5.0621
20240715,3.896,4.2499,5.0603
20240716,3.9083,4.2604,5.0668
20240717,3.921,4.2904,5.1088
20240718,3.9296,4.2954,5.1032
20240719,3.9461,4.293,5.0974
20240722,3.9307,4.2797,5.0813
20240723,3.9355,4.281,5.0861
20240724,3.9498,4.2796,5.0939
20240725,3.9619,4.2971,5.1053
20240726,3.9415,4.2773,5.0709
20240729,3.9556,4.2847,5.0683
20240730,3.9567,4.2845,5.0882
20240731,3.9689,4.2953,5.0922
20240801,3.9802,4.2924,5.0867
20240802,3.9672,4.2903,5.0525
20240805,3.9331,4.3073,5.0196
20240806,3.9467,4.313,5.0253
20240807,3.9526,4.3158,5.0204
20240808,3.952,4.3225,5.0195
20240809,3.9604,4.3238,5.0556
20240812,3.9488,4.3123,5.0404
20240813,3.9314,4.2945,5.0319
20240814,3.8963,4.2933,5.0036
20240816,3.8914,4.2732,5.014
20240819,3.8682,4.2693,5.0177
20240820,3.8506,4.2665,5.0062
20240821,3.8565,4.2879,5.0183
20240822,3.8456,4.285,5.0427
20240823,3.8453,4.2769,5.0486
20240826,3.8284,4.2803,5.0526
20240827,3.8331,4.2802,5.0662
20240828,3.8539,4.2938,5.0986
20240829,3.867,4.2862,5.0993
20240830,3.8644,4.2798,5.0947
20240902,3.8684,4.2812,5.0806
20240903,3.8701,4.2757,5.0777
20240904,3.8738,4.2815,5.0828
20240905,3.8487,4.2717,5.0685
20240906,3.8489,4.279,5.0678
20240909,3.8758,4.2818,5.0729
20240910,3.8798,4.2827,5.077
20240911,3.8816,4.2864,5.0778
20240912,3.9025,4.2986,5.0916
20240913,3.8659,4.2883,5.0812
20240916,3.8438,4.2753,5.0694
20240917,3.8354,4.2748,5.0742
20240918,3.8358,4.2691,5.0657
20240919,3.8249,4.2693,5.0728
20240920,3.8317,4.2779,5.0961
20240923,3.8571,4.2785,5.1187
20240924,3.83,4.2668,5.1237
20240925,3.8117,4.2634,5.1001
20240926,3.8294,4.2665,5.1123
20240927,3.8368,4.2761,5.1312
20240930,3.8193,4.2791,5.1241
20241001,3.859,4.2846,5.1445
20241002,3.8792,4.2952,5.1575
20241003,3.8951,4.299,5.1084
20241004,3.9118,4.313,5.1465
20241007,3.9368,4.3185,5.1527
20241008,3.9299,4.3203,5.1478
20241009,3.9266,4.3026,5.1347
20241010,3.9355,4.3029,5.1452
20241011,3.9204,4.2926,5.1252
20241014,3.9288,4.2928,5.1334
20241015,3.9332,4.2913,5.1433
20241016,3.9468,4.2955,5.1323
20241017,3.9786,4.3174,5.1631
20241018,3.9718,4.3048,5.18
20241021,3.9775,4.3178,5.1813
20241022,3.9862,4.3159,5.1777
20241023,4.0176,4.3344,5.2168
20241024,4.0168,4.3396,5.2062
20241025,4.0219,4.3533,5.2188
20241028,4.0207,4.3478,5.216
20241029,4.0251,4.3542,5.2243
20241030,3.9989,4.335,5.1982
20241031,4.0059,4.353,5.2007
20241104,3.9869,4.3443,5.1715
20241105,4.0038,4.3607,5.1978
20241106,4.0595,4.3662,5.2368
20241107,4.0414,4.3431,5.2166
20241108,4.0117,4.3244,5.1992
20241112,4.1011,4.357,5.2579
20241113,4.0853,4.3416,5.2092
20241114,4.122,4.3365,5.2178
20241115,4.0898,4.3198,5.1743
20241118,4.0997,4.332,5.1784
20241119,4.1052,4.3308,5.1844
20241120,4.112,4.3404,5.2093
20241121,4.1332,4.3469,5.2215
20241122,4.1752,4.343,5.224
20241125,4.1297,4.3319,5.1929
20241126,4.1073,4.3157,5.1639
20241127,4.0974,4.309,5.1645
20241128,4.0907,4.3085,5.1751
20241129,4.077,4.3043,5.1747
20241202,4.0827,4.2923,5.1871
20241203,4.0803,4.2927,5.1726
20241204,4.0845,4.2899,5.1776
20241205,4.0554,4.2695,5.1589
20241206,4.0341,4.2669,5.1467
20241209,4.0298,4.2581,5.1454
20241210,4.0518,4.2672,5.168
20241211,4.0628,4.2661,5.172
20241212,4.074,4.2818,5.1979
20241213,4.0738,4.2722,5.1491
20241216,4.0571,4.2622,5.1339
20241217,4.0623,4.2599,5.1538
20241218,4.0621,4.2628,5.1536
20241219,4.0944,4.2633,5.1837
20241220,4.1002,4.2572,5.1264
20241223,4.095,4.2621,5.1472
20241224,4.1127,4.2739,5.1549
20241227,4.1036,4.2747,5.1332
20241230,4.096,4.2738,5.1516
20241231,4.1012,4.273,5.1488
20250102,4.1219,4.2668,5.1448
20250103,4.1512,4.2718,5.1498
20250107,4.077,4.2515,5.1217
20250108,4.1335,4.2656,5.1467
20250109,4.1523,4.2794,5.1
20250110,4.1415,4.2657,5.0952
20250113,4.1904,4.2715,5.0733
20250114,4.1658,4.2737,5.0729
20250115,4.133,4.2611,5.0499
20250116,4.1433,4.262,5.054
20250117,4.1462,4.2691,5.0567
20250120,4.1321,4.2587,5.0318
20250121,4.1101,4.2554,5.0342
20250122,4.0646,4.2461,5.0265
20250123,4.0515,4.2182,4.9905
20250124,4.0124,4.21,4.9858
20250127,4.021,4.2176,5.021
20250128,4.0337,4.2092,5.0208
20250129,4.0443,4.2077,5.0232
20250130,4.0393,4.2039,5.0259
20250131,4.0576,4.213,5.0404
20250203,4.1352,4.2305,5.0826
20250204,4.0864,4.2249,5.0777
20250205,4.0426,4.2059,5.0603
20250206,4.0613,4.2073,5.0468
20250207,4.0321,4.1898,5.0237
20250210,4.0548,4.1872,5.0312
20250211,4.0497,4.1783,5.0076
20250212,4.0215,4.1721,5.0055
20250213,3.996,4.1652,4.9916
20250214,3.972,4.1632,4.9999
20250217,3.9749,4.1635,5.0048
20250218,3.9729,4.1574,5.0074
20250219,3.9875,4.1582,5.0247
20250220,3.9974,4.1723,5.043
20250221,3.9835,4.1705,5.0393
20250224,3.9734,4.1609,5.0216
20250225,3.947,4.1339,4.983
20250226,3.9434,4.1394,4.9896
20250227,3.9459,4.1371,5.0031
20250228,3.9993,4.1575,5.0373
20250303,4.0112,4.1827,5.0656
20250304,3.9543,4.1568,5.0324
20250305,3.8785,4.1545,4.9787
20250306,3.8674,4.1766,4.9798
20250307,3.8448,4.176,4.9747
20250310,3.8573,4.1857,4.9797
20250311,3.8481,4.1977,4.9771
20250312,3.8496,4.2017,4.9795
20250313,3.8568,4.196,4.9982
20250314,3.8509,4.179,4.9786
20250317,3.8329,4.1777,4.9646
20250318,3.8152,4.1776,4.96
20250319,3.8473,4.1945,4.9914
20250320,3.8675,4.1972,5.0104
20250321,3.8774,4.1979,5.0148
20250324,3.859,4.1832,5.0017
20250325,3.8578,4.1664,4.9879
20250326,3.8614,4.1686,4.9843
20250327,3.8913,4.1913,5.0276
20250328,3.8817,4.1819,5.0266
20250331,3.8643,4.1839,5.002
20250401,3.8656,4.1818,4.9968
20250402,3.8707,4.1794,5.0011
20250403,3.7968,4.1791,4.9962
20250404,3.856,4.2403,5.0063
20250407,3.9097,4.2975,5.0322
20250408,3.927,4.2946,5.0077
20250409,3.8828,4.2818,4.9797
20250410,3.8637,4.2644,4.9722
20250411,3.7606,4.2972,4.9297
20250414,3.7564,4.2776,4.9475
20250415,3.7692,4.2767,4.9871
20250416,3.7851,4.3033,5.0302
20250417,3.7684,4.2879,4.9891
20250418,3.7661,4.2823,4.9983
